home_win_pct,away_win_pct,home_avg_points,away_avg_points,home_def_rating,away_def_rating,spread_normalized,implied_home_prob,home_last_5,away_last_5,home_home_record,away_away_record,head_to_head,home_streak,away_streak,rest_advantage,injuries_impact,weather_factor,back_to_back,primetime_game,division_game,public_betting_pct,sharp_money_indicator,line_movement,total_movement,model_consensus,theover_probability,home_won,home_score,away_score,game_id,sport,home_team,away_team,commence_time
0.4761904761904761,0.5967741935483871,107.85714285714285,135.1693548387097,135.1693548387097,107.85714285714285,0.2,0.4761904761904761,0.4761904761904761,0.5967741935483871,0.5261904761904762,0.5467741935483871,0.5,-0.2380952380952383,0.9677419354838712,0.0,0.0,0.0,0.0,0.0,0.0,0.4761904761904761,0.0,0.0,0.0,0.4761904761904761,0.5,1,117,114,e69335f9f4054ca683c7219dabdeac53,NBA,Boston Celtics,Detroit Pistons,2025-11-26T22:12:00Z
0.3144654088050314,0.7222222222222222,76.1006289308176,174.77777777777777,174.77777777777777,76.1006289308176,0.65,0.3144654088050314,0.3144654088050314,0.7222222222222222,0.3644654088050314,0.6722222222222222,0.5,-1.8553459119496856,2.2222222222222223,0.0,0.0,0.0,0.0,0.0,0.0,0.3144654088050314,0.0,0.0,0.0,0.3144654088050314,0.5,0,101,129,b054e05bbd0dadc5f4947032a332045e,NBA,Charlotte Hornets,New York Knicks,2025-11-27T00:10:00Z
0.8148148148148148,0.2247191011235955,190.66666666666663,52.58426966292134,52.58426966292134,190.66666666666663,-1.0,0.8148148148148148,0.8148148148148148,0.2247191011235955,0.8648148148148148,0.1747191011235955,0.5,3.148148148148148,-2.752808988764045,0.0,0.0,0.0,0.0,0.0,0.0,0.8148148148148148,0.0,0.0,0.0,0.8148148148148148,0.5,1,97,95,54ab67c4d54079c2044f6de8397ad072,NBA,Toronto Raptors,Indiana Pacers,2025-11-27T00:40:00Z
0.8198198198198198,0.217391304347826,194.2972972972973,51.52173913043478,51.52173913043478,194.2972972972973,-1.0,0.8198198198198198,0.8198198198198198,0.217391304347826,0.8698198198198198,0.167391304347826,0.5,3.198198198198198,-2.8260869565217392,0.0,0.0,0.0,0.0,0.0,0.0,0.8198198198198198,0.0,0.0,0.0,0.8198198198198198,0.5,1,106,103,932a6b46c8f41cd9df4a23db7aaf9988,NBA,Miami Heat,Milwaukee Bucks,2025-11-27T00:40:00Z
0.803921568627451,0.2352941176470588,182.08823529411765,53.294117647058826,53.294117647058826,182.08823529411765,-1.0,0.803921568627451,0.803921568627451,0.2352941176470588,0.853921568627451,0.1852941176470588,0.5,3.03921568627451,-2.647058823529412,0.0,0.0,0.0,0.0,0.0,0.0,0.803921568627451,0.0,0.0,0.0,0.803921568627451,0.5,1,113,105,63748218430054c9c947b1beeab351c9,NBA,Oklahoma City Thunder,Minnesota Timberwolves,2025-11-27T00:40:00Z
0.4201680672268907,0.6153846153846154,98.94957983193278,144.92307692307693,144.92307692307693,98.94957983193278,0.35,0.4201680672268907,0.4201680672268907,0.6153846153846154,0.4701680672268907,0.5653846153846154,0.5,-0.7983193277310924,1.1538461538461542,0.0,0.0,0.0,0.0,0.0,0.0,0.4201680672268907,0.0,0.0,0.0,0.4201680672268907,0.5,0,128,133,7a866eae268b30cd60aacad8fd8f3786,NBA,New Orleans Pelicans,Memphis Grizzlies,2025-11-27T01:10:00Z
0.5833333333333334,0.4545454545454545,130.95833333333334,102.04545454545456,102.04545454545456,130.95833333333334,-0.25,0.5833333333333334,0.5833333333333334,0.4545454545454545,0.6333333333333334,0.4045454545454545,0.5,0.8333333333333337,-0.4545454545454547,0.0,0.0,0.0,0.0,0.0,0.0,0.5833333333333334,0.0,0.0,0.0,0.5833333333333334,0.5,0,100,104,c728773fb406fb68e411f28e838ef9ed,NBA,Golden State Warriors,Houston Rockets,2025-11-27T03:10:00Z
0.392156862745098,0.6428571428571429,91.76470588235294,150.42857142857144,150.42857142857144,91.76470588235294,0.45,0.392156862745098,0.392156862745098,0.6428571428571429,0.442156862745098,0.5928571428571429,0.5,-1.0784313725490198,1.428571428571429,0.0,0.0,0.0,0.0,0.0,0.0,0.392156862745098,0.0,0.0,0.0,0.392156862745098,0.5,0,100,112,640a3b0d618c26bd0e462da74aad454f,NBA,Sacramento Kings,Phoenix Suns,2025-11-27T03:10:00Z
0.5348837209302325,0.5121951219512195,128.3720930232558,122.92682926829268,122.92682926829268,128.3720930232558,-0.1,0.5348837209302325,0.5348837209302325,0.5121951219512195,0.5848837209302326,0.4621951219512195,0.5,0.3488372093023251,0.1219512195121952,0.0,0.0,0.0,0.0,0.0,0.0,0.5348837209302325,0.0,0.0,0.0,0.5348837209302325,0.5,0,102,115,9d56baa432e13e1879c5a7e08ac23e79,NBA,Portland Trail Blazers,San Antonio Spurs,2025-11-27T03:10:00Z
0.6197718631178707,0.4219409282700422,3.718631178707224,2.5316455696202533,2.5316455696202533,3.718631178707224,-0.15,0.6197718631178707,0.6197718631178707,0.4219409282700422,0.6697718631178707,0.3719409282700422,0.5,1.197718631178707,-0.780590717299578,0.0,0.0,0.0,0.0,0.0,0.0,0.6197718631178707,0.0,0.0,0.0,0.6197718631178707,0.5,0,1,3,6eb2aa311ba1a37a0e328fd4c1f97bb9,NHL,New York Islanders,Boston Bruins,2025-11-27T00:10:00Z
0.5454545454545454,0.5,3.545454545454545,3.25,3.25,3.545454545454545,-0.15,0.5454545454545454,0.5454545454545454,0.5,0.5954545454545455,0.45,0.5,0.4545454545454541,0.0,0.0,0.0,0.0,0.0,0.0,0.0,0.5454545454545454,0.0,0.0,0.0,0.5454545454545454,0.5,1,4,2,a5a4a996ac2ef0ca3f4c468eb6bc7e92,NHL,Pittsburgh Penguins,Buffalo Sabres,2025-11-27T00:10:00Z
0.6363636363636364,0.4,3.5,2.2,2.2,3.5,-0.15,0.6363636363636364,0.6363636363636364,0.4,0.6863636363636364,0.35,0.5,1.3636363636363635,-0.9999999999999998,0.0,0.0,0.0,0.0,0.0,0.0,0.6363636363636364,0.0,0.0,0.0,0.6363636363636364,0.5,1,5,1,272f939f070df242008b7cb5dc315595,NHL,Tampa Bay Lightning,Calgary Flames,2025-11-27T00:10:00Z
0.6610169491525424,0.3773584905660377,3.9661016949152543,2.264150943396227,2.264150943396227,3.9661016949152543,-0.15,0.6610169491525424,0.6610169491525424,0.3773584905660377,0.7110169491525424,0.3273584905660378,0.5,1.610169491525424,-1.2264150943396224,0.0,0.0,0.0,0.0,0.0,0.0,0.6610169491525424,0.0,0.0,0.0,0.6610169491525424,0.5,0,2,4,f8c8d057b11c76a73940c09bbc605f86,NHL,Carolina Hurricanes,New York Rangers,2025-11-27T00:10:00Z
0.5283018867924528,0.5192307692307693,3.4339622641509435,3.3750000000000004,3.3750000000000004,3.4339622641509435,-0.15,0.5283018867924528,0.5283018867924528,0.5192307692307693,0.5783018867924529,0.4692307692307693,0.5,0.2830188679245282,0.1923076923076927,0.0,0.0,0.0,0.0,0.0,0.0,0.5283018867924528,0.0,0.0,0.0,0.5283018867924528,0.5,0,1,2,cae7c572d4b38bab5aeda474f13c77c6,NHL,Columbus Blue Jackets,Toronto Maple Leafs,2025-11-27T00:10:00Z
0.6153846153846154,0.425531914893617,3.692307692307693,2.5531914893617023,2.5531914893617023,3.692307692307693,-0.15,0.6153846153846154,0.6153846153846154,0.425531914893617,0.6653846153846155,0.375531914893617,0.5,1.1538461538461542,-0.7446808510638298,0.0,0.0,0.0,0.0,0.0,0.0,0.6153846153846154,0.0,0.0,0.0,0.6153846153846154,0.5,0,3,6,09ff0091cb0e9da8391a81ced295ac0e,NHL,Detroit Red Wings,Nashville Predators,2025-11-27T00:10:00Z
0.6466431095406361,0.3875968992248062,3.556537102473498,2.1317829457364343,2.1317829457364343,3.556537102473498,-0.15,0.6466431095406361,0.6466431095406361,0.3875968992248062,0.6966431095406361,0.3375968992248062,0.5,1.4664310954063609,-1.1240310077519378,0.0,0.0,0.0,0.0,0.0,0.0,0.6466431095406361,0.0,0.0,0.0,0.6466431095406361,0.5,0,2,4,459e0229ae3134dd7719c1e690a27e4f,NHL,Florida Panthers,Philadelphia Flyers,2025-11-27T00:10:00Z
0.5798319327731093,0.4608294930875576,3.189075630252101,2.5345622119815667,2.5345622119815667,3.189075630252101,-0.15,0.5798319327731093,0.5798319327731093,0.4608294930875576,0.6298319327731093,0.4108294930875576,0.5,0.7983193277310929,-0.3917050691244239,0.0,0.0,0.0,0.0,0.0,0.0,0.5798319327731093,0.0,0.0,0.0,0.5798319327731093,0.5,1,3,2,676660d6af51818790de596ec2fe6dd9,NHL,New Jersey Devils,St Louis Blues,2025-11-27T00:10:00Z
0.5951417004048583,0.4405286343612334,3.570850202429149,2.643171806167401,2.643171806167401,3.570850202429149,-0.15,0.5951417004048583,0.5951417004048583,0.4405286343612334,0.6451417004048583,0.3905286343612335,0.5,0.9514170040485824,-0.5947136563876654,0.0,0.0,0.0,0.0,0.0,0.0,0.5951417004048583,0.0,0.0,0.0,0.5951417004048583,0.5,1,4,3,975fe4a2226b5c8b6a793353ccb41e25,NHL,Washington Capitals,Winnipeg Jets,2025-11-27T00:10:00Z
0.4716981132075472,0.5708154506437768,2.5943396226415096,3.1394849785407724,3.1394849785407724,2.5943396226415096,0.15,0.4716981132075472,0.4716981132075472,0.5708154506437768,0.5216981132075472,0.5208154506437768,0.5,-0.2830188679245282,0.7081545064377681,0.0,0.0,0.0,0.0,0.0,0.0,0.4716981132075472,0.0,0.0,0.0,0.4716981132075472,0.5,0,3,4,19f788b8f77d2206e84d02c6bb1f6d2b,NHL,Chicago Blackhawks,Minnesota Wild,2025-11-27T01:40:00Z
0.8,0.25,4.800000000000001,1.5,1.5,4.800000000000001,-0.15,0.8,0.8,0.25,0.8500000000000001,0.2,0.5,3.0000000000000004,-2.5,0.0,0.0,0.0,0.0,0.0,0.0,0.8,0.0,0.0,0.0,0.8,0.5,1,6,0,5788e3c35f3424103cc6b6a1577a27ef,NHL,Colorado Avalanche,San Jose Sharks,2025-11-27T02:10:00Z
0.5833333333333334,0.4545454545454545,3.5,2.727272727272727,2.727272727272727,3.5,-0.15,0.5833333333333334,0.5833333333333334,0.4545454545454545,0.6333333333333334,0.4045454545454545,0.5,0.8333333333333337,-0.4545454545454547,0.0,0.0,0.0,0.0,0.0,0.0,0.5833333333333334,0.0,0.0,0.0,0.5833333333333334,0.5,0,3,4,f1c3eac95b46f77cd2ac2cd4c70b4f1e,NHL,Utah Mammoth,Montréal Canadiens,2025-11-27T02:40:00Z
0.6,0.4347826086956521,3.9,2.8260869565217392,2.8260869565217392,3.9,-0.15,0.6,0.6,0.4347826086956521,0.65,0.3847826086956522,0.5,0.9999999999999998,-0.6521739130434784,0.0,0.0,0.0,0.0,0.0,0.0,0.6,0.0,0.0,0.0,0.6,0.5,0,4,5,db110ec1d1452a4b98b8605492d48d2f,NHL,Anaheim Ducks,Vancouver Canucks,2025-11-27T03:10:00Z
0.4878048780487805,0.5555555555555556,2.6829268292682924,3.055555555555556,3.055555555555556,2.6829268292682924,0.15,0.4878048780487805,0.4878048780487805,0.5555555555555556,0.5378048780487805,0.5055555555555555,0.5,-0.1219512195121952,0.5555555555555558,0.0,0.0,0.0,0.0,0.0,0.0,0.4878048780487805,0.0,0.0,0.0,0.4878048780487805,0.5,0,2,3,4cd86be87d336b9c01abe2cd2d0fe2ee,NHL,Seattle Kraken,Dallas Stars,2025-11-27T03:10:00Z
0.6389891696750902,0.3952569169960474,3.514440433212996,2.1739130434782608,2.1739130434782608,3.514440433212996,-0.15,0.6389891696750902,0.6389891696750902,0.3952569169960474,0.6889891696750903,0.3452569169960474,0.5,1.3898916967509023,-1.047430830039526,0.0,0.0,0.0,0.0,0.0,0.0,0.6389891696750902,0.0,0.0,0.0,0.6389891696750902,0.5,0,3,4,f974fe52a4a6e831e99419d932c15f04,NHL,Vegas Golden Knights,Ottawa Senators,2025-11-27T03:10:00Z
0.6,0.4347826086956521,28.8,20.869565217391305,20.869565217391305,28.8,-0.3,0.6,0.6,0.4347826086956521,0.65,0.3847826086956522,0.5,0.9999999999999998,-0.6521739130434784,0.0,0.0,0.0,0.0,0.0,0.0,0.6,0.0,0.0,0.0,0.6,0.5,0,24,31,fe2eb07797580740af78037ab498198e,NFL,Detroit Lions,Green Bay Packers,2025-11-27T18:00:00Z
0.6774193548387096,0.3773584905660377,120.91935483870968,67.35849056603774,67.35849056603774,120.91935483870968,-0.25,0.6774193548387096,0.6774193548387096,0.3773584905660377,0.7274193548387097,0.3273584905660378,0.5,1.7741935483870963,-1.2264150943396224,0.0,0.0,0.0,0.0,0.0,0.0,0.6774193548387096,0.0,0.0,0.0,0.6774193548387096,0.5,0,101,103,8a31f0bd2ae1ab230bd81eba5609ed4e,NCAAB,Manhattan Jaspers,Wagner Seahawks,2025-11-26T22:02:42Z
0.0588235294117647,0.979591836734694,8.970588235294118,149.3877551020408,149.3877551020408,8.970588235294118,0.25,0.0588235294117647,0.0588235294117647,0.979591836734694,0.1088235294117647,0.9295918367346938,0.5,-4.411764705882353,4.795918367346939,0.0,0.0,0.0,0.0,0.0,0.0,0.0588235294117647,0.0,0.0,0.0,0.0588235294117647,0.5,0,74,79,ef05071689d00ecf2d94511f44e069d4,NCAAB,Princeton Tigers,Vermont Catamounts,2025-11-26T22:05:00Z
0.0666666666666666,0.9803921568627452,9.766666666666666,143.62745098039215,143.62745098039215,9.766666666666666,1.35,0.0666666666666666,0.0666666666666666,0.9803921568627452,0.1166666666666666,0.930392156862745,0.5,-4.333333333333334,4.803921568627451,0.0,0.0,0.0,0.0,0.0,0.0,0.0666666666666666,0.0,0.0,0.0,0.0666666666666666,0.5,0,61,75,1aa4ba78cb61d4c59dae242c688ac3da,NCAAB,Washington St Cougars,Seton Hall Pirates,2025-11-26T22:33:02Z
0.8461538461538461,0.2222222222222222,114.65384615384616,30.11111111111111,30.11111111111111,114.65384615384616,-0.85,0.8461538461538461,0.8461538461538461,0.2222222222222222,0.8961538461538462,0.1722222222222222,0.5,3.4615384615384617,-2.7777777777777777,0.0,0.0,0.0,0.0,0.0,0.0,0.8461538461538461,0.0,0.0,0.0,0.8461538461538461,0.5,1,66,64,518273ed685ae877e8ef8dfc597968c0,NCAAB,Virginia Tech Hokies,Colorado St Rams,2025-11-26T22:40:01Z
0.99009900990099,0.0294117647058823,131.1881188118812,3.897058823529412,3.897058823529412,131.1881188118812,-2.75,0.99009900990099,0.99009900990099,0.0294117647058823,1.0,0.0,0.5,4.900990099009901,-4.705882352941177,0.0,0.0,0.0,0.0,0.0,0.0,0.99009900990099,0.0,0.0,0.0,0.99009900990099,0.5,1,89,45,887d3b26c1df453a9f8f455f474d3b58,NCAAB,Utah Valley Wolverines,Samford Bulldogs,2025-11-26T23:00:00Z
0.303030303030303,0.75,38.333333333333336,94.875,94.875,38.333333333333336,0.55,0.303030303030303,0.303030303030303,0.75,0.353030303030303,0.7,0.5,-1.9696969696969693,2.5,0.0,0.0,0.0,0.0,0.0,0.0,0.303030303030303,0.0,0.0,0.0,0.303030303030303,0.5,0,53,71,a2fb201b5eaec9cbfd14fa186755cb66,NCAAB,Air Force Falcons,N Colorado Bears,2025-11-26T23:04:57Z
0.5,0.5614035087719298,65.25,73.26315789473684,73.26315789473684,65.25,0.15,0.5,0.5,0.5614035087719298,0.55,0.5114035087719297,0.5,0.0,0.6140350877192979,0.0,0.0,0.0,0.0,0.0,0.0,0.5,0.0,0.0,0.0,0.5,0.5,0,81,84,1a91bdd315cd67a0d163f09bb24ae0ae,NCAAB,Idaho State Bengals,Sam Houston St Bearkats,2025-11-26T23:30:27Z
0.5348837209302325,0.5121951219512195,85.5813953488372,81.95121951219512,81.95121951219512,85.5813953488372,-0.1,0.5348837209302325,0.5348837209302325,0.5121951219512195,0.5848837209302326,0.4621951219512195,0.5,0.3488372093023251,0.1219512195121952,0.0,0.0,0.0,0.0,0.0,0.0,0.5348837209302325,0.0,0.0,0.0,0.5348837209302325,0.5,0,100,102,4fdc517723c9025b6dd4aeefeecd29ae,NCAAB,Florida Gulf Coast Eagles,Kennesaw St Owls,2025-11-27T00:00:00Z
0.5238095238095238,0.5238095238095238,72.02380952380953,72.02380952380953,72.02380952380953,72.02380952380953,-0.15,0.5238095238095238,0.5238095238095238,0.5238095238095238,0.5738095238095239,0.4738095238095238,0.5,0.2380952380952383,0.2380952380952383,0.0,0.0,0.0,0.0,0.0,0.0,0.5238095238095238,0.0,0.0,0.0,0.5238095238095238,0.5,0,65,72,5fce55f7817f37ad2f7f83da19992984,NCAAB,The Citadel Bulldogs,Houston Christian Huskies,2025-11-27T00:00:00Z
0.7674418604651163,0.2777777777777778,107.05813953488372,38.75,38.75,107.05813953488372,-0.65,0.7674418604651163,0.7674418604651163,0.2777777777777778,0.8174418604651164,0.2277777777777778,0.5,2.674418604651163,-2.2222222222222223,0.0,0.0,0.0,0.0,0.0,0.0,0.7674418604651163,0.0,0.0,0.0,0.7674418604651163,0.5,0,76,81,8ebff98899c8db95f8c655c0f9496b3f,NCAAB,Tennessee Volunteers,Kansas Jayhawks,2025-11-27T00:00:00Z
0.99009900990099,0.0294117647058823,155.94059405940595,4.63235294117647,4.63235294117647,155.94059405940595,-3.75,0.99009900990099,0.99009900990099,0.0294117647058823,1.0,0.0,0.5,4.900990099009901,-4.705882352941177,0.0,0.0,0.0,0.0,0.0,0.0,0.99009900990099,0.0,0.0,0.0,0.99009900990099,0.5,0,104,54,b70f154c876171335741ddd68b30dde0,NCAAB,Kentucky Wildcats,Tennessee Tech Golden Eagles,2025-11-27T00:00:00Z
0.99009900990099,0.0476190476190476,144.05940594059405,6.928571428571428,6.928571428571428,144.05940594059405,-2.25,0.99009900990099,0.99009900990099,0.0476190476190476,1.0,0.0,0.5,4.900990099009901,-4.523809523809524,0.0,0.0,0.0,0.0,0.0,0.0,0.99009900990099,0.0,0.0,0.0,0.99009900990099,0.5,0,56,64,fe19533b2da6bc547dde8f9fdcd8349d,NCAAB,Cincinnati Bearcats,Eastern Michigan Eagles,2025-11-27T00:05:00Z
0.4201680672268907,0.6296296296296297,63.23529411764706,94.75925925925928,94.75925925925928,63.23529411764706,0.35,0.4201680672268907,0.4201680672268907,0.6296296296296297,0.4701680672268907,0.5796296296296296,0.5,-0.7983193277310924,1.2962962962962965,0.0,0.0,0.0,0.0,0.0,0.0,0.4201680672268907,0.0,0.0,0.0,0.4201680672268907,0.5,1,77,106,f2496a898e0b87731964c925a43561d7,NCAAB,Fairfield Stags,Columbia Lions,2025-11-27T00:05:00Z
0.4651162790697674,0.574468085106383,69.53488372093022,85.88297872340426,85.88297872340426,69.53488372093022,0.25,0.4651162790697674,0.4651162790697674,0.574468085106383,0.5151162790697674,0.524468085106383,0.5,-0.3488372093023256,0.7446808510638303,0.0,0.0,0.0,0.0,0.0,0.0,0.4651162790697674,0.0,0.0,0.0,0.4651162790697674,0.5,0,53,76,ab120a0b05b780cf78edf1cee9b4f4a8,NCAAB,Pepperdine Waves,Fresno St Bulldogs,2025-11-27T00:05:00Z
0.9,0.1428571428571428,123.75,19.642857142857142,19.642857142857142,123.75,-1.15,0.9,0.9,0.1428571428571428,0.95,0.0928571428571428,0.5,4.0,-3.571428571428572,0.0,0.0,0.0,0.0,0.0,0.0,0.9,0.0,0.0,0.0,0.9,0.5,1,70,57,dafc1f55bba2f917f6506e3d6779e8e1,NCAAB,UNC Wilmington Seahawks,SE Louisiana Lions,2025-11-27T00:05:00Z
0.5967741935483871,0.4545454545454545,85.04032258064517,64.77272727272727,64.77272727272727,85.04032258064517,-0.25,0.5967741935483871,0.5967741935483871,0.4545454545454545,0.6467741935483872,0.4045454545454545,0.5,0.9677419354838712,-0.4545454545454547,0.0,0.0,0.0,0.0,0.0,0.0,0.5967741935483871,0.0,0.0,0.0,0.5967741935483871,0.5,1,75,73,0e926a2b0a3e63ee8d43c7977de2df3c,NCAAB,Louisiana Tech Bulldogs,Indiana St Sycamores,2025-11-27T00:30:00Z
0.423728813559322,0.6183206106870229,63.771186440677965,93.05725190839696,93.05725190839696,63.771186440677965,0.35,0.423728813559322,0.423728813559322,0.6183206106870229,0.473728813559322,0.5683206106870229,0.5,-0.7627118644067798,1.183206106870229,0.0,0.0,0.0,0.0,0.0,0.0,0.423728813559322,0.0,0.0,0.0,0.423728813559322,0.5,0,75,90,444b3f756a1a7aa5ffbfee06eb7c4c0b,NCAAB,Temple Owls,Rhode Island Rams,2025-11-27T00:30:00Z
0.8461538461538461,0.2,118.46153846153848,28.0,28.0,118.46153846153848,-1.0,0.8461538461538461,0.8461538461538461,0.2,0.8961538461538462,0.15,0.5,3.4615384615384617,-3.0,0.0,0.0,0.0,0.0,0.0,0.0,0.8461538461538461,0.0,0.0,0.0,0.8461538461538461,0.5,1,70,65,6ec216931c906acd1fcfe9b2c160561f,NCAAB,Saint Mary's Gaels,Wichita St Shockers,2025-11-27T00:30:00Z
0.392156862745098,0.6551724137931034,65.29411764705883,109.08620689655172,109.08620689655172,65.29411764705883,0.45,0.392156862745098,0.392156862745098,0.6551724137931034,0.442156862745098,0.6051724137931034,0.5,-1.0784313725490198,1.5517241379310345,0.0,0.0,0.0,0.0,0.0,0.0,0.392156862745098,0.0,0.0,0.0,0.392156862745098,0.5,1,85,74,455323ef65758d8fed5bb847bf2ad2c9,NCAAB,Auburn Tigers,St. John's Red Storm,2025-11-27T01:00:00Z
0.8620689655172413,0.2040816326530612,135.3448275862069,32.04081632653061,32.04081632653061,135.3448275862069,-1.05,0.8620689655172413,0.8620689655172413,0.2040816326530612,0.9120689655172414,0.1540816326530612,0.5,3.620689655172413,-2.959183673469388,0.0,0.0,0.0,0.0,0.0,0.0,0.8620689655172413,0.0,0.0,0.0,0.8620689655172413,0.5,1,74,58,9cd060dbe2f89db13c4e1e093db0b3b6,NCAAB,Memphis Tigers,Southern Illinois Salukis,2025-11-27T01:00:00Z
0.5967741935483871,0.4464285714285714,91.60483870967742,68.52678571428572,68.52678571428572,91.60483870967742,-0.35,0.5967741935483871,0.5967741935483871,0.4464285714285714,0.6467741935483872,0.3964285714285714,0.5,0.9677419354838712,-0.5357142857142855,0.0,0.0,0.0,0.0,0.0,0.0,0.5967741935483871,0.0,0.0,0.0,0.5967741935483871,0.5,1,79,72,6973e32626645a43d97f584b7efc2012,NCAAB,Northern Arizona Lumberjacks,SE Missouri St Redhawks,2025-11-27T01:00:00Z
0.8181818181818182,0.2325581395348837,124.77272727272728,35.46511627906977,35.46511627906977,124.77272727272728,-0.85,0.8181818181818182,0.8181818181818182,0.2325581395348837,0.8681818181818183,0.1825581395348837,0.5,3.1818181818181825,-2.674418604651163,0.0,0.0,0.0,0.0,0.0,0.0,0.8181818181818182,0.0,0.0,0.0,0.8181818181818182,0.5,0,101,59,6b5a971af1e33324b279335614f2485f,NCAAB,Wyoming Cowboys,Denver Pioneers,2025-11-27T01:30:00Z
0.5967741935483871,0.4464285714285714,86.23387096774194,64.50892857142857,64.50892857142857,86.23387096774194,-0.25,0.5967741935483871,0.5967741935483871,0.4464285714285714,0.6467741935483872,0.3964285714285714,0.5,0.9677419354838712,-0.5357142857142855,0.0,0.0,0.0,0.0,0.0,0.0,0.5967741935483871,0.0,0.0,0.0,0.5967741935483871,0.5,1,64,52,a7ba408ab8e7e4edd0c8a8b5bcd5a47b,NCAAB,UC Irvine Anteaters,South Dakota St Jackrabbits,2025-11-27T01:30:00Z
0.967741935483871,0.0769230769230769,142.74193548387098,11.346153846153848,11.346153846153848,142.74193548387098,-1.9,0.967741935483871,0.967741935483871,0.0769230769230769,1.0,0.0269230769230769,0.5,4.67741935483871,-4.230769230769231,0.0,0.0,0.0,0.0,0.0,0.0,0.967741935483871,0.0,0.0,0.0,0.967741935483871,0.5,1,93,87,818fcd620f1604f0f2c098c2910eb663,NCAAB,New Mexico Lobos,Alabama St Hornets,2025-11-27T02:00:00Z
0.5633187772925764,0.4901960784313725,90.13100436681222,78.4313725490196,78.4313725490196,90.13100436681222,-0.2,0.5633187772925764,0.5633187772925764,0.4901960784313725,0.6133187772925764,0.4401960784313725,0.5,0.633187772925764,-0.0980392156862747,0.0,0.0,0.0,0.0,0.0,0.0,0.5633187772925764,0.0,0.0,0.0,0.5633187772925764,0.5,1,78,64,bf2a92ba18c21c03d3f3cf315f2d7fa5,NCAAB,Idaho Vandals,CSU Northridge Matadors,2025-11-27T02:00:00Z
0.99009900990099,0.0294117647058823,156.93069306930693,4.661764705882353,4.661764705882353,156.93069306930693,-4.4,0.99009900990099,0.99009900990099,0.0294117647058823,1.0,0.0,0.5,4.900990099009901,-4.705882352941177,0.0,0.0,0.0,0.0,0.0,0.0,0.99009900990099,0.0,0.0,0.0,0.99009900990099,0.5,0,104,47,8471b93a7df6f92d51f9fd6201df2206,NCAAB,Louisville Cardinals,NJIT Highlanders,2025-11-27T02:00:00Z
0.4651162790697674,0.5833333333333334,76.97674418604652,96.54166666666669,96.54166666666669,76.97674418604652,0.25,0.4651162790697674,0.4651162790697674,0.5833333333333334,0.5151162790697674,0.5333333333333333,0.5,-0.3488372093023256,0.8333333333333337,0.0,0.0,0.0,0.0,0.0,0.0,0.4651162790697674,0.0,0.0,0.0,0.4651162790697674,0.5,0,101,61,b77a45bd70fb6fdf47aa29c75eff2b51,NCAAB,Michigan Wolverines,Gonzaga Bulldogs,2025-11-27T02:30:00Z
0.8095238095238095,0.2325581395348837,116.16666666666669,33.372093023255815,33.372093023255815,116.16666666666669,-0.85,0.8095238095238095,0.8095238095238095,0.2325581395348837,0.8595238095238096,0.1825581395348837,0.5,3.095238095238096,-2.674418604651163,0.0,0.0,0.0,0.0,0.0,0.0,0.8095238095238095,0.0,0.0,0.0,0.8095238095238095,0.5,1,59,46,f5c2bee5ac3e3d7b57249f6af72b3005,NCAAB,Iowa Hawkeyes,Grand Canyon Antelopes,2025-11-27T02:30:00Z
0.4672897196261682,0.5780590717299579,75.0,92.77848101265825,92.77848101265825,75.0,0.25,0.4672897196261682,0.4672897196261682,0.5780590717299579,0.5172897196261682,0.5280590717299578,0.5,-0.3271028037383178,0.7805907172995785,0.0,0.0,0.0,0.0,0.0,0.0,0.4672897196261682,0.0,0.0,0.0,0.4672897196261682,0.5,0,102,97,c7f9271c5596da131d0832f3df1af6da,NCAAB,Texas Longhorns,NC State Wolfpack,2025-11-27T02:30:00Z
0.7142857142857143,0.3389830508474576,106.42857142857144,50.50847457627118,50.50847457627118,106.42857142857144,-0.55,0.7142857142857143,0.7142857142857143,0.3389830508474576,0.7642857142857143,0.2889830508474576,0.5,2.1428571428571432,-1.610169491525424,0.0,0.0,0.0,0.0,0.0,0.0,0.7142857142857143,0.0,0.0,0.0,0.7142857142857143,0.5,1,93,73,40d69a7cc989b17155b06b1c13d5c2fd,NCAAB,Portland Pilots,Long Beach St 49ers,2025-11-27T03:00:00Z
0.4716981132075472,0.5726495726495726,70.04716981132076,85.03846153846153,85.03846153846153,70.04716981132076,0.25,0.4716981132075472,0.4716981132075472,0.5726495726495726,0.5216981132075472,0.5226495726495726,0.5,-0.2830188679245282,0.7264957264957261,0.0,0.0,0.0,0.0,0.0,0.0,0.4716981132075472,0.0,0.0,0.0,0.4716981132075472,0.5,0,81,91,14fd4ba8f25735a61fa993d2ed5ff7fc,NCAAB,San Diego St Aztecs,Baylor Bears,2025-11-27T03:30:00Z
0.9130434782608696,0.131578947368421,151.1086956521739,21.77631578947368,21.77631578947368,151.1086956521739,-1.25,0.9130434782608696,0.9130434782608696,0.131578947368421,0.9630434782608696,0.081578947368421,0.5,4.130434782608695,-3.68421052631579,0.0,0.0,0.0,0.0,0.0,0.0,0.9130434782608696,0.0,0.0,0.0,0.9130434782608696,0.5,0,105,72,26ebac79d54def96804165ed4ae2326b,NCAAB,Alabama Crimson Tide,Maryland Terrapins,2025-11-27T04:59:00Z
0.8666666666666667,0.1785714285714285,126.1,25.982142857142858,25.982142857142858,126.1,-1.05,0.8666666666666667,0.8666666666666667,0.1785714285714285,0.9166666666666669,0.1285714285714285,0.5,3.666666666666667,-3.214285714285714,0.0,0.0,0.0,0.0,0.0,0.0,0.8666666666666667,0.0,0.0,0.0,0.8666666666666667,0.5,0,74,75,a36d44e851bbfd89fdb8d5053534ab34,NCAAB,Ole Miss Rebels,Utah Utes,2025-11-27T05:00:23Z
0.5,0.5,74.25,74.25,74.25,74.25,0.45,0.5,0.5,0.5,0.55,0.45,0.5,0.0,0.0,0.0,0.0,0.0,0.0,0.0,0.0,0.5,0.0,0.0,0.0,0.5,0.5,1,73,72,5e09e685dbb67aba74eaf2469ff68939,NCAAB,Furman Paladins,Richmond Spiders,2025-11-27T16:00:00Z
0.5,0.5,72.75,72.75,72.75,72.75,0.9,0.5,0.5,0.5,0.55,0.45,0.5,0.0,0.0,0.0,0.0,0.0,0.0,0.0,0.0,0.5,0.0,0.0,0.0,0.5,0.5,0,58,67,b31b981c4f2e57ef01f1d61d05f1d853,NCAAB,East Carolina Pirates,St. Bonaventure Bonnies,2025-11-27T17:00:00Z
0.5,0.5,70.25,70.25,70.25,70.25,-0.55,0.5,0.5,0.5,0.55,0.45,0.5,0.0,0.0,0.0,0.0,0.0,0.0,0.0,0.0,0.5,0.0,0.0,0.0,0.5,0.5,1,79,69,b767c66cff5b56a28824b8a964d01c35,NCAAB,Illinois St Redbirds,Charlotte 49ers,2025-11-27T18:30:00Z
0.5,0.5,78.5,78.5,78.5,78.5,-0.1,0.5,0.5,0.5,0.55,0.45,0.5,0.0,0.0,0.0,0.0,0.0,0.0,0.0,0.0,0.5,0.0,0.0,0.0,0.5,0.5,0,69,79,1e98773b2e20184b8bf5683af0abf354,NCAAB,San Francisco Dons,Colorado Buffaloes,2025-11-27T19:00:00Z
0.5,0.5,77.5,77.5,77.5,77.5,0.15,0.5,0.5,0.5,0.55,0.45,0.5,0.0,0.0,0.0,0.0,0.0,0.0,0.0,0.0,0.5,0.0,0.0,0.0,0.5,0.5,1,76,66,fa7dcd892c28f757ea01062044188123,NCAAB,Creighton Bluejays,Oregon Ducks,2025-11-27T19:00:00Z
0.5,0.5,75.75,75.75,75.75,75.75,-1.35,0.5,0.5,0.5,0.55,0.45,0.5,0.0,0.0,0.0,0.0,0.0,0.0,0.0,0.0,0.5,0.0,0.0,0.0,0.5,0.5,0,80,84,f1a406cb7b4f3f379e36d10f1453f1eb,NCAAB,Florida Gators,TCU Horned Frogs,2025-11-27T20:00:00Z
0.5,0.5,75.75,75.75,75.75,75.75,0.25,0.5,0.5,0.5,0.55,0.45,0.5,0.0,0.0,0.0,0.0,0.0,0.0,0.0,0.0,0.5,0.0,0.0,0.0,0.5,0.5,0,58,74,666191e8bc94ccbbafc3e3b93cf30696,NCAAB,North Carolina Tar Heels,Michigan St Spartans,2025-11-27T21:30:00Z
0.4878048780487805,0.5555555555555556,3.1707317073170733,3.611111111111111,3.611111111111111,3.1707317073170733,0.15,0.4878048780487805,0.4878048780487805,0.5555555555555556,0.5378048780487805,0.5055555555555555,0.5,-0.1219512195121952,0.5555555555555558,0.0,0.0,0.0,0.0,0.0,0.0,0.4878048780487805,0.0,0.0,0.0,0.4878048780487805,0.5,0,3,6,15b1b4d08daea545560a2eab4a87e5dc,NHL,Detroit Red Wings,Tampa Bay Lightning,2025-11-28T17:00:00Z
0.4761904761904761,0.5652173913043478,2.619047619047619,3.1086956521739126,3.1086956521739126,2.619047619047619,0.15,0.4761904761904761,0.4761904761904761,0.5652173913043478,0.5261904761904762,0.5152173913043477,0.5,-0.2380952380952383,0.6521739130434778,0.0,0.0,0.0,0.0,0.0,0.0,0.4761904761904761,0.0,0.0,0.0,0.4761904761904761,0.5,0,2,6,5762a5eeff98cde800ad13dec2e4fd41,NHL,Boston Bruins,New York Rangers,2025-11-28T18:00:00Z
0.4081632653061224,0.6296296296296297,2.653061224489796,4.092592592592593,4.092592592592593,2.653061224489796,0.15,0.4081632653061224,0.4081632653061224,0.6296296296296297,0.4581632653061224,0.5796296296296296,0.5,-0.9183673469387754,1.2962962962962965,0.0,0.0,0.0,0.0,0.0,0.0,0.4081632653061224,0.0,0.0,0.0,0.4081632653061224,0.5,1,3,2,f2bdb7d7350b912047bec931086476bd,NHL,Minnesota Wild,Colorado Avalanche,2025-11-28T20:30:00Z
0.5,0.5454545454545454,3.25,3.545454545454545,3.545454545454545,3.25,0.15,0.5,0.5,0.5454545454545454,0.55,0.4954545454545454,0.5,0.0,0.4545454545454541,0.0,0.0,0.0,0.0,0.0,0.0,0.5,0.0,0.0,0.0,0.5,0.5,0,0,5,c3a3f59b3617c326c0ae314afa582a30,NHL,Buffalo Sabres,New Jersey Devils,2025-11-28T21:00:00Z
0.6363636363636364,0.4,3.5,2.2,2.2,3.5,-0.15,0.6363636363636364,0.6363636363636364,0.4,0.6863636363636364,0.35,0.5,1.3636363636363635,-0.9999999999999998,0.0,0.0,0.0,0.0,0.0,0.0,0.6363636363636364,0.0,0.0,0.0,0.6363636363636364,0.5,0,1,4,5c3f34c1495d2972109da94ce3e9c22d,NHL,Vegas Golden Knights,Montréal Canadiens,2025-11-28T21:00:00Z
0.5238095238095238,0.5238095238095238,2.880952380952381,2.880952380952381,2.880952380952381,2.880952380952381,0.15,0.5238095238095238,0.5238095238095238,0.5238095238095238,0.5738095238095239,0.4738095238095238,0.5,0.2380952380952383,0.2380952380952383,0.0,0.0,0.0,0.0,0.0,0.0,0.5238095238095238,0.0,0.0,0.0,0.5238095238095238,0.5,1,4,3,1482e8555f15b0564268218d067a6cc6,NHL,St Louis Blues,Ottawa Senators,2025-11-28T21:00:00Z
0.6,0.4651162790697674,30.3,23.48837209302325,23.48837209302325,30.3,-0.25,0.6,0.6,0.4651162790697674,0.65,0.4151162790697674,0.5,0.9999999999999998,-0.3488372093023256,0.0,0.0,0.0,0.0,0.0,0.0,0.6,0.0,0.0,0.0,0.6,0.5,1,31,28,de53b8a594fe830c5fd56484705cd756,NFL,Dallas Cowboys,Kansas City Chiefs,2025-11-27T21:40:46Z
0.803921568627451,0.2469135802469135,42.20588235294118,12.962962962962962,12.962962962962962,42.20588235294118,-0.8,0.803921568627451,0.803921568627451,0.2469135802469135,0.853921568627451,0.1969135802469135,0.5,3.03921568627451,-2.5308641975308643,0.0,0.0,0.0,0.0,0.0,0.0,0.803921568627451,0.0,0.0,0.0,0.803921568627451,0.5,0,14,32,883a79a306b312fad75ebf04b441b4da,NFL,Baltimore Ravens,Cincinnati Bengals,2025-11-28T01:20:00Z
0.7777777777777778,0.2777777777777778,34.22222222222222,12.222222222222223,12.222222222222223,34.22222222222222,-0.7,0.7777777777777778,0.7777777777777778,0.2777777777777778,0.8277777777777778,0.2277777777777778,0.5,2.7777777777777777,-2.2222222222222223,0.0,0.0,0.0,0.0,0.0,0.0,0.7777777777777778,0.0,0.0,0.0,0.7777777777777778,0.5,0,15,24,52f539d9d080618aa8830a0b03846a80,NFL,Philadelphia Eagles,Chicago Bears,2025-11-28T20:00:00Z
0.5,0.5,74.25,74.25,74.25,74.25,-1.25,0.5,0.5,0.5,0.55,0.45,0.5,0.0,0.0,0.0,0.0,0.0,0.0,0.0,0.0,0.5,0.0,0.0,0.0,0.5,0.5,1,83,66,fa77fa6d9b4de5ce44f7d257d70eed60,NCAAB,Washington Huskies,Nevada Wolf Pack,2025-11-27T21:35:47Z
0.5,0.5,71.75,71.75,71.75,71.75,-1.25,0.5,0.5,0.5,0.55,0.45,0.5,0.0,0.0,0.0,0.0,0.0,0.0,0.0,0.0,0.5,0.0,0.0,0.0,0.5,0.5,1,80,65,40ce3b76abca30247216ca622f87b995,NCAAB,Rutgers Scarlet Knights,UNLV Rebels,2025-11-27T21:36:05Z
0.032258064516129,0.9941520467836256,4.306451612903226,132.71929824561403,132.71929824561403,4.306451612903226,0.85,0.032258064516129,0.032258064516129,0.9941520467836256,0.082258064516129,0.9441520467836256,0.5,-4.67741935483871,4.9415204678362565,0.0,0.0,0.0,0.0,0.0,0.0,0.032258064516129,0.0,0.0,0.0,0.032258064516129,0.5,0,62,72,13f8dd54347a50679f7b32e382673620,NCAAB,Miami Hurricanes,BYU Cougars,2025-11-27T22:02:11Z
0.4,0.6666666666666666,70.4,117.33333333333331,117.33333333333331,70.4,0.3,0.4,0.4,0.6666666666666666,0.45,0.6166666666666666,0.5,-0.9999999999999998,1.6666666666666663,0.0,0.0,0.0,0.0,0.0,0.0,0.4,0.0,0.0,0.0,0.4,0.5,1,97,91,4d714a6bd270fbdbb5c907e39734019e,NCAAB,South Florida Bulls,Western Kentucky Hilltoppers,2025-11-27T22:31:37Z
0.9950248756218906,0.0344827586206896,170.64676616915423,5.913793103448276,5.913793103448276,170.64676616915423,-1.95,0.9950248756218906,0.9950248756218906,0.0344827586206896,1.0,0.0,0.5,4.9502487562189055,-4.655172413793103,0.0,0.0,0.0,0.0,0.0,0.0,0.9950248756218906,0.0,0.0,0.0,0.9950248756218906,0.5,0,104,83,7ef9b5a6d190deb873f0f73446fbee07,NCAAB,Wisconsin Badgers,Providence Friars,2025-11-27T23:01:04Z
0.5238095238095238,0.5238095238095238,83.28571428571429,83.28571428571429,83.28571428571429,83.28571428571429,0.1,0.5238095238095238,0.5238095238095238,0.5238095238095238,0.5738095238095239,0.4738095238095238,0.5,0.2380952380952383,0.2380952380952383,0.0,0.0,0.0,0.0,0.0,0.0,0.5238095238095238,0.0,0.0,0.0,0.5238095238095238,0.5,0,70,71,4a04296e3486c865defc67b7f81a6761,NCAAB,Santa Clara Broncos,Saint Louis Billikens,2025-11-28T00:05:00Z
0.5454545454545454,0.5,79.36363636363636,72.75,72.75,79.36363636363636,-0.1,0.5454545454545454,0.5454545454545454,0.5,0.5954545454545455,0.45,0.5,0.4545454545454541,0.0,0.0,0.0,0.0,0.0,0.0,0.0,0.5454545454545454,0.0,0.0,0.0,0.5454545454545454,0.5,1,84,79,172bd5f624e7e10167dda7ea3cf9b88a,NCAAB,Dayton Flyers,Georgetown Hoyas,2025-11-28T00:30:00Z
0.1538461538461538,0.8888888888888888,24.692307692307693,142.66666666666666,142.66666666666666,24.692307692307693,1.25,0.1538461538461538,0.1538461538461538,0.8888888888888888,0.2038461538461538,0.8388888888888888,0.5,-3.4615384615384617,3.888888888888888,0.0,0.0,0.0,0.0,0.0,0.0,0.1538461538461538,0.0,0.0,0.0,0.1538461538461538,0.5,0,71,80,cb9104f74754f4b5fd1ad25938f01e1c,NCAAB,Arkansas Razorbacks,Duke Blue Devils,2025-11-28T01:00:00Z
0.5121951219512195,0.5348837209302325,73.5,76.75581395348837,76.75581395348837,73.5,0.1,0.5121951219512195,0.5121951219512195,0.5348837209302325,0.5621951219512196,0.4848837209302325,0.5,0.1219512195121952,0.3488372093023251,0.0,0.0,0.0,0.0,0.0,0.0,0.5121951219512195,0.0,0.0,0.0,0.5121951219512195,0.5,0,70,76,5c8cd729caf0f355d662c81900baaae5,NCAAB,Wichita St Shockers,Colorado St Rams,2025-11-28T01:00:00Z
0.5833333333333334,0.4651162790697674,83.125,66.27906976744185,66.27906976744185,83.125,-0.25,0.5833333333333334,0.5833333333333334,0.4651162790697674,0.6333333333333334,0.4151162790697674,0.5,0.8333333333333337,-0.3488372093023256,0.0,0.0,0.0,0.0,0.0,0.0,0.5833333333333334,0.0,0.0,0.0,0.5833333333333334,0.5,1,72,68,ba3b9ad54ec8b9a220f3e7e4e954955e,NCAAB,Stanford Cardinal,Minnesota Golden Gophers,2025-11-28T02:30:00Z
0.6153846153846154,0.4347826086956521,97.84615384615384,69.13043478260869,69.13043478260869,97.84615384615384,-0.3,0.6153846153846154,0.6153846153846154,0.4347826086956521,0.6653846153846155,0.3847826086956522,0.5,1.1538461538461542,-0.6521739130434784,0.0,0.0,0.0,0.0,0.0,0.0,0.6153846153846154,0.0,0.0,0.0,0.6153846153846154,0.5,0,81,86,4fe7b33d5ff3894550c8b10721b121cc,NCAAB,Northwestern Wildcats,Oklahoma St Cowboys,2025-11-28T03:30:00Z
0.5,0.5,70.75,70.75,70.75,70.75,-4.0,0.5,0.5,0.5,0.55,0.45,0.5,0.0,0.0,0.0,0.0,0.0,0.0,0.0,0.0,0.5,0.0,0.0,0.0,0.5,0.5,0,109,62,a61d41bc2bc1aef98526a80a017c62ad,NCAAB,Purdue Boilermakers,Eastern Illinois Panthers,2025-11-28T17:00:00Z
0.967741935483871,0.08,146.1290322580645,12.08,12.08,146.1290322580645,-1.9,0.967741935483871,0.967741935483871,0.08,1.0,0.03,0.5,4.67741935483871,-4.2,0.0,0.0,0.0,0.0,0.0,0.0,0.967741935483871,0.0,0.0,0.0,0.967741935483871,0.5,1,86,73,e060ce258506cd2eeb8a26022f306e5d,NCAAB,Wake Forest Demon Deacons,Northeastern Huskies,2025-11-28T17:00:00Z
0.2325581395348837,0.8095238095238095,33.48837209302326,116.57142857142856,116.57142857142856,33.48837209302326,0.85,0.2325581395348837,0.2325581395348837,0.8095238095238095,0.2825581395348837,0.7595238095238095,0.5,-2.674418604651163,3.095238095238096,0.0,0.0,0.0,0.0,0.0,0.0,0.2325581395348837,0.0,0.0,0.0,0.2325581395348837,0.5,0,68,76,1aa3aa011cc0d32622c1da6e013b3b1d,NCAAB,Gardner-Webb Bulldogs,SE Louisiana Lions,2025-11-28T17:00:35Z
0.6,0.4444444444444444,93.3,69.11111111111111,69.11111111111111,93.3,-0.25,0.6,0.6,0.4444444444444444,0.65,0.3944444444444444,0.5,0.9999999999999998,-0.5555555555555558,0.0,0.0,0.0,0.0,0.0,0.0,0.6,0.0,0.0,0.0,0.6,0.5,1,74,61,a1cd905be539a3f209ccc5770fb7f066,NCAAB,UConn Huskies,Illinois Fighting Illini,2025-11-28T17:30:00Z
0.3508771929824561,0.6923076923076923,52.10526315789473,102.8076923076923,102.8076923076923,52.10526315789473,0.45,0.3508771929824561,0.3508771929824561,0.6923076923076923,0.4008771929824561,0.6423076923076922,0.5,-1.4912280701754388,1.923076923076923,0.0,0.0,0.0,0.0,0.0,0.0,0.3508771929824561,0.0,0.0,0.0,0.3508771929824561,0.5,0,63,70,7046579bb05a6cde5b8038408295856e,NCAAB,Longwood Lancers,Siena Saints,2025-11-28T18:00:00Z
0.6774193548387096,0.3703703703703703,93.82258064516128,51.29629629629629,51.29629629629629,93.82258064516128,-0.45,0.6774193548387096,0.6774193548387096,0.3703703703703703,0.7274193548387097,0.3203703703703703,0.5,1.7741935483870963,-1.2962962962962965,0.0,0.0,0.0,0.0,0.0,0.0,0.6774193548387096,0.0,0.0,0.0,0.6774193548387096,0.5,1,80,73,786f2fa589fefa591f3966ec5b2de5aa,NCAAB,Monmouth Hawks,Ball State Cardinals,2025-11-28T19:00:00Z
0.9230769230769232,0.1212121212121212,140.76923076923077,18.484848484848484,18.484848484848484,140.76923076923077,-1.4,0.9230769230769232,0.9230769230769232,0.1212121212121212,0.9730769230769232,0.0712121212121212,0.5,4.230769230769232,-3.787878787878788,0.0,0.0,0.0,0.0,0.0,0.0,0.9230769230769232,0.0,0.0,0.0,0.9230769230769232,0.5,1,94,69,8a70bc05999bc02fb9441f6720d23df0,NCAAB,Butler Bulldogs,Wright St Raiders,2025-11-28T19:00:00Z
0.5,0.5,85.25,85.25,85.25,85.25,-2.95,0.5,0.5,0.5,0.55,0.45,0.5,0.0,0.0,0.0,0.0,0.0,0.0,0.0,0.0,0.5,0.0,0.0,0.0,0.5,0.5,1,86,59,e2e38d0deed0d2afa37176eec68250bc,NCAAB,Missouri Tigers,Cleveland St Vikings,2025-11-28T19:00:00Z
0.4444444444444444,0.6078431372549019,63.33333333333333,86.61764705882352,86.61764705882352,63.33333333333333,0.25,0.4444444444444444,0.4444444444444444,0.6078431372549019,0.4944444444444444,0.5578431372549019,0.5,-0.5555555555555558,1.078431372549019,0.0,0.0,0.0,0.0,0.0,0.0,0.4444444444444444,0.0,0.0,0.0,0.4444444444444444,0.5,0,58,63,3462d9a8c9f3ec44550be8946e846bd4,NCAAB,La Salle Explorers,Hofstra Pride,2025-11-28T19:00:00Z
0.5412844036697247,0.504950495049505,87.41743119266054,81.54950495049505,81.54950495049505,87.41743119266054,-0.1,0.5412844036697247,0.5412844036697247,0.504950495049505,0.5912844036697248,0.4549504950495049,0.5,0.4128440366972474,0.0495049504950495,0.0,0.0,0.0,0.0,0.0,0.0,0.5412844036697247,0.0,0.0,0.0,0.5412844036697247,0.5,0,74,75,d231e3b4449f474126d59fd583b17945,NCAAB,Marquette Golden Eagles,Oklahoma Sooners,2025-11-28T19:00:00Z
0.8260869565217391,0.217391304347826,125.15217391304348,32.93478260869565,32.93478260869565,125.15217391304348,-0.95,0.8260869565217391,0.8260869565217391,0.217391304347826,0.8760869565217392,0.167391304347826,0.5,3.260869565217392,-2.8260869565217392,0.0,0.0,0.0,0.0,0.0,0.0,0.8260869565217391,0.0,0.0,0.0,0.8260869565217391,0.5,1,61,54,14df49206608dcfdd28089b0c0092807,NCAAB,Robert Morris Colonials,Southern Utah Thunderbirds,2025-11-28T19:00:00Z
0.7142857142857143,0.3333333333333333,96.78571428571428,45.16666666666666,45.16666666666666,96.78571428571428,-0.65,0.7142857142857143,0.7142857142857143,0.3333333333333333,0.7642857142857143,0.2833333333333333,0.5,2.1428571428571432,-1.666666666666667,0.0,0.0,0.0,0.0,0.0,0.0,0.7142857142857143,0.0,0.0,0.0,0.7142857142857143,0.5,1,66,52,77a3e3a668d8256ebca851ca7edbf0f1,NCAAB,Seattle Redhawks,Texas State Bobcats,2025-11-28T19:00:00Z
0.8461538461538461,0.2,127.76923076923076,30.200000000000003,30.200000000000003,127.76923076923076,-1.0,0.8461538461538461,0.8461538461538461,0.2,0.8961538461538462,0.15,0.5,3.4615384615384617,-3.0,0.0,0.0,0.0,0.0,0.0,0.0,0.8461538461538461,0.0,0.0,0.0,0.8461538461538461,0.5,1,82,72,8a1876e496aa71a2d1fca786285fe993,NCAAB,Tulane Green Wave,Nicholls St Colonels,2025-11-28T20:00:00Z
0.5454545454545454,0.5,84.81818181818181,77.75,77.75,84.81818181818181,-0.15,0.5454545454545454,0.5454545454545454,0.5,0.5954545454545455,0.45,0.5,0.4545454545454541,0.0,0.0,0.0,0.0,0.0,0.0,0.0,0.5454545454545454,0.0,0.0,0.0,0.5454545454545454,0.5,1,85,80,1e88ce797721401ee9d3f83bd5b6ea02,NCAAB,Arkansas St Red Wolves,North Dakota St Bison,2025-11-28T20:00:09Z
0.9722222222222222,0.072463768115942,147.77777777777777,11.01449275362319,11.01449275362319,147.77777777777777,-1.8,0.9722222222222222,0.9722222222222222,0.072463768115942,1.0,0.022463768115942,0.5,4.722222222222222,-4.27536231884058,0.0,0.0,0.0,0.0,0.0,0.0,0.9722222222222222,0.0,0.0,0.0,0.9722222222222222,0.5,1,74,62,fcb75dc8a39f99789e18ef41b6ce4409,NCAAB,South Carolina Gamecocks,Charleston Southern Buccaneers,2025-11-28T21:00:00Z
0.9230769230769232,0.1212121212121212,137.0769230769231,18.0,18.0,137.0769230769231,-1.45,0.9230769230769232,0.9230769230769232,0.1212121212121212,0.9730769230769232,0.0712121212121212,0.5,4.230769230769232,-3.787878787878788,0.0,0.0,0.0,0.0,0.0,0.0,0.9230769230769232,0.0,0.0,0.0,0.9230769230769232,0.5,1,90,74,17f0177dfb104bfba04fb3484fb81026,NCAAB,Davidson Wildcats,North Carolina A&T Aggies,2025-11-28T21:00:00Z
0.9876543209876544,0.0476190476190476,158.5185185185185,7.642857142857142,7.642857142857142,158.5185185185185,-2.35,0.9876543209876544,0.9876543209876544,0.0476190476190476,1.0,0.0,0.5,4.876543209876543,-4.523809523809524,0.0,0.0,0.0,0.0,0.0,0.0,0.9876543209876544,0.0,0.0,0.0,0.9876543209876544,0.5,1,94,69,da5b2dd4353cbbb308442838243e72cb,NCAAB,Virginia Cavaliers,Queens University Royals,2025-11-28T21:00:00Z
0.6527777777777778,0.392156862745098,100.5277777777778,60.3921568627451,60.3921568627451,100.5277777777778,-0.4,0.6527777777777778,0.6527777777777778,0.392156862745098,0.7027777777777778,0.342156862745098,0.5,1.527777777777778,-1.0784313725490198,0.0,0.0,0.0,0.0,0.0,0.0,0.6527777777777778,0.0,0.0,0.0,0.6527777777777778,0.5,0,63,76,80aa8c7f4af4555ff8ff128afdeacbca,NCAAB,Lafayette Leopards,Le Moyne Dolphins,2025-11-28T21:30:00Z
0.726027397260274,0.3174603174603174,111.44520547945206,48.73015873015873,48.73015873015873,111.44520547945206,-0.5,0.726027397260274,0.726027397260274,0.3174603174603174,0.776027397260274,0.2674603174603174,0.5,2.26027397260274,-1.8253968253968256,0.0,0.0,0.0,0.0,0.0,0.0,0.726027397260274,0.0,0.0,0.0,0.726027397260274,0.5,1,77,65,ae6d0d8b60aa969e31149d982e0104ff,NCAAB,Pennsylvania Quakers,Merrimack Warriors,2025-11-28T21:30:00Z
0.1666666666666666,0.875,24.75,129.9375,129.9375,24.75,1.15,0.1666666666666666,0.1666666666666666,0.875,0.2166666666666666,0.825,0.5,-3.333333333333334,3.75,0.0,0.0,0.0,0.0,0.0,0.0,0.1666666666666666,0.0,0.0,0.0,0.1666666666666666,0.5,0,70,72,a656a0786ffc8f31362b73e457e8aa74,NCAAB,Lehigh Mountain Hawks,UC Santa Barbara Gauchos,2025-11-28T21:30:12Z
0.6363636363636364,0.4081632653061224,36.59090909090909,23.46938775510204,23.46938775510204,36.59090909090909,-0.35,0.6363636363636364,0.6363636363636364,0.4081632653061224,0.6863636363636364,0.3581632653061224,0.5,1.3636363636363635,-0.9183673469387754,0.0,0.0,0.0,0.0,0.0,0.0,0.6363636363636364,0.0,0.0,0.0,0.6363636363636364,0.5,0,17,28,643198f60ea064a8030db080f2540513,NCAAF,Memphis Tigers,Navy Midshipmen,2025-11-28T00:30:00Z
0.3333333333333333,0.7142857142857143,14.833333333333332,31.785714285714285,31.785714285714285,14.833333333333332,0.7,0.3333333333333333,0.3333333333333333,0.7142857142857143,0.3833333333333333,0.6642857142857143,0.5,-1.666666666666667,2.1428571428571432,0.0,0.0,0.0,0.0,0.0,0.0,0.3333333333333333,0.0,0.0,0.0,0.3333333333333333,0.5,0,26,31,3d51dc9f725e59fd6750915622f55394,NCAAF,Buffalo Bulls,Ohio Bobcats,2025-11-28T17:00:00Z
0.3389830508474576,0.7014925373134329,13.389830508474576,27.7089552238806,27.7089552238806,13.389830508474576,0.6,0.3389830508474576,0.3389830508474576,0.7014925373134329,0.3889830508474576,0.6514925373134328,0.5,-1.610169491525424,2.0149253731343286,0.0,0.0,0.0,0.0,0.0,0.0,0.3389830508474576,0.0,0.0,0.0,0.3389830508474576,0.5,0,16,40,76916d758d1a2bc57d840d9d1c63aaa3,NCAAF,Nebraska Cornhuskers,Iowa Hawkeyes,2025-11-28T17:00:00Z
0.2564102564102564,0.7894736842105263,15.512820512820513,47.76315789473684,47.76315789473684,15.512820512820513,1.05,0.2564102564102564,0.2564102564102564,0.7894736842105263,0.3064102564102564,0.7394736842105263,0.5,-2.435897435897436,2.894736842105264,0.0,0.0,0.0,0.0,0.0,0.0,0.2564102564102564,0.0,0.0,0.0,0.2564102564102564,0.5,0,21,31,0f1ce102c69b3c21a363d3997879f16a,NCAAF,Kansas Jayhawks,Utah Utes,2025-11-28T17:00:00Z
0.6774193548387096,0.3703703703703703,30.82258064516129,16.85185185185185,16.85185185185185,30.82258064516129,-0.55,0.6774193548387096,0.6774193548387096,0.3703703703703703,0.7274193548387097,0.3203703703703703,0.5,1.7741935483870963,-1.2962962962962965,0.0,0.0,0.0,0.0,0.0,0.0,0.6774193548387096,0.0,0.0,0.0,0.6774193548387096,0.5,0,31,35,5b4e38825c71d19c51ebcd39665d9694,NCAAF,Northern Illinois Huskies,Kent State Golden Flashes,2025-11-28T17:00:00Z
0.303030303030303,0.7402597402597403,18.93939393939394,46.26623376623377,46.26623376623377,18.93939393939394,0.7,0.303030303030303,0.303030303030303,0.7402597402597403,0.353030303030303,0.6902597402597402,0.5,-1.9696969696969693,2.4025974025974026,0.0,0.0,0.0,0.0,0.0,0.0,0.303030303030303,0.0,0.0,0.0,0.303030303030303,0.5,0,19,38,f959699d770536ccda4fc4df72a954ea,NCAAF,Mississippi State Bulldogs,Ole Miss Rebels,2025-11-28T17:00:00Z
0.4878048780487805,0.5555555555555556,22.682926829268293,25.833333333333336,25.833333333333336,22.682926829268293,0.25,0.4878048780487805,0.4878048780487805,0.5555555555555556,0.5378048780487805,0.5055555555555555,0.5,-0.1219512195121952,0.5555555555555558,0.0,0.0,0.0,0.0,0.0,0.0,0.4878048780487805,0.0,0.0,0.0,0.4878048780487805,0.5,0,21,42,ecdb13413222992d666fb1be5f3f15c4,NCAAF,Colorado State Rams,Air Force Falcons,2025-11-28T20:00:00Z
0.3225806451612903,0.7142857142857143,76.29032258064515,168.92857142857144,168.92857142857144,76.29032258064515,0.65,0.3225806451612903,0.3225806451612903,0.7142857142857143,0.3725806451612903,0.6642857142857143,0.5,-1.774193548387097,2.1428571428571432,0.0,0.0,0.0,0.0,0.0,0.0,0.3225806451612903,0.0,0.0,0.0,0.3225806451612903,0.5,1,130,123,1af096075324c24f402566517cb35f91,NBA,Atlanta Hawks,Cleveland Cavaliers,2025-11-29T00:40:00Z
0.3174603174603174,0.7183098591549296,70.47619047619047,159.46478873239437,159.46478873239437,70.47619047619047,0.7,0.3174603174603174,0.3174603174603174,0.7183098591549296,0.3674603174603174,0.6683098591549296,0.5,-1.8253968253968256,2.183098591549296,0.0,0.0,0.0,0.0,0.0,0.0,0.3174603174603174,0.0,0.0,0.0,0.3174603174603174,0.5,0,103,115,40e1962291b5902145ba33c2b8918fbf,NBA,Brooklyn Nets,Philadelphia 76ers,2025-11-29T00:40:00Z
0.4366812227074236,0.6,108.51528384279476,149.1,149.1,108.51528384279476,0.3,0.4366812227074236,0.4366812227074236,0.6,0.4866812227074236,0.5499999999999999,0.5,-0.633187772925764,0.9999999999999998,0.0,0.0,0.0,0.0,0.0,0.0,0.4366812227074236,0.0,0.0,0.0,0.4366812227074236,0.5,1,123,116,589f752da246a95b470aa39b60870dd7,NBA,Charlotte Hornets,Chicago Bulls,2025-11-29T00:40:00Z
0.6153846153846154,0.4201680672268907,141.84615384615387,96.84873949579833,96.84873949579833,141.84615384615387,-0.35,0.6153846153846154,0.6153846153846154,0.4201680672268907,0.6653846153846155,0.3701680672268908,0.5,1.1538461538461542,-0.7983193277310924,0.0,0.0,0.0,0.0,0.0,0.0,0.6153846153846154,0.0,0.0,0.0,0.6153846153846154,0.5,0,109,112,3681b95ecf2caed53d8d976c17ad4464,NBA,Detroit Pistons,Orlando Magic,2025-11-29T00:40:00Z
0.7183098591549296,0.3174603174603174,172.75352112676055,76.34920634920634,76.34920634920634,172.75352112676055,-0.65,0.7183098591549296,0.7183098591549296,0.3174603174603174,0.7683098591549297,0.2674603174603174,0.5,2.183098591549296,-1.8253968253968256,0.0,0.0,0.0,0.0,0.0,0.0,0.7183098591549296,0.0,0.0,0.0,0.7183098591549296,0.5,0,119,86,72d83440ea3e88d46514dd3eed0deddb,NBA,Indiana Pacers,Washington Wizards,2025-11-29T00:40:00Z
0.7142857142857143,0.3225806451612903,166.42857142857144,75.16129032258064,75.16129032258064,166.42857142857144,-0.7,0.7142857142857143,0.7142857142857143,0.3225806451612903,0.7642857142857143,0.2725806451612903,0.5,2.1428571428571432,-1.774193548387097,0.0,0.0,0.0,0.0,0.0,0.0,0.7142857142857143,0.0,0.0,0.0,0.7142857142857143,0.5,1,118,109,7352c74ba8dbdb543d750f378fc002d5,NBA,New York Knicks,Milwaukee Bucks,2025-11-29T00:40:00Z
0.7468354430379747,0.2898550724637681,178.12025316455697,69.1304347826087,69.1304347826087,178.12025316455697,-0.75,0.7468354430379747,0.7468354430379747,0.2898550724637681,0.7968354430379747,0.2398550724637681,0.5,2.4683544303797467,-2.101449275362319,0.0,0.0,0.0,0.0,0.0,0.0,0.7468354430379747,0.0,0.0,0.0,0.7468354430379747,0.5,0,136,139,e18835b33478d76175aa301ace433fd3,NBA,Denver Nuggets,San Antonio Spurs,2025-11-29T02:40:00Z
0.9166666666666666,0.125,204.875,27.9375,27.9375,204.875,-1.45,0.9166666666666666,0.9166666666666666,0.125,0.9666666666666668,0.075,0.5,4.166666666666666,-3.75,0.0,0.0,0.0,0.0,0.0,0.0,0.9166666666666666,0.0,0.0,0.0,0.9166666666666666,0.5,1,123,119,a06a55ea3f9818bd67a44c118b03bb31,NBA,Oklahoma City Thunder,Phoenix Suns,2025-11-29T02:40:00Z
0.574468085106383,0.4651162790697674,139.0212765957447,112.55813953488372,112.55813953488372,139.0212765957447,-0.25,0.574468085106383,0.574468085106383,0.4651162790697674,0.6244680851063831,0.4151162790697674,0.5,0.7446808510638303,-0.3488372093023256,0.0,0.0,0.0,0.0,0.0,0.0,0.574468085106383,0.0,0.0,0.0,0.574468085106383,0.5,1,128,119,05b9527e25f5994ecbf5a9323a489a33,NBA,Utah Jazz,Sacramento Kings,2025-11-29T02:40:00Z
0.8,0.238095238095238,186.0,55.35714285714285,55.35714285714285,186.0,-0.95,0.8,0.8,0.238095238095238,0.8500000000000001,0.1880952380952381,0.5,3.0000000000000004,-2.619047619047619,0.0,0.0,0.0,0.0,0.0,0.0,0.8,0.0,0.0,0.0,0.8,0.5,1,129,119,78aabf080c02d6b74d6d5a15ae2d2a81,NBA,Los Angeles Lakers,Dallas Mavericks,2025-11-29T03:10:00Z
0.7101449275362319,0.3278688524590163,159.42753623188406,73.60655737704917,73.60655737704917,159.42753623188406,-0.65,0.7101449275362319,0.7101449275362319,0.3278688524590163,0.760144927536232,0.2778688524590164,0.5,2.10144927536232,-1.7213114754098364,0.0,0.0,0.0,0.0,0.0,0.0,0.7101449275362319,0.0,0.0,0.0,0.7101449275362319,0.5,0,107,112,835535f997beb1f330c480429f5fd48b,NBA,Los Angeles Clippers,Memphis Grizzlies,2025-11-29T03:10:00Z
0.5238095238095238,0.5238095238095238,100.0,100.0,100.0,100.0,0.0,0.5238095238095238,0.5238095238095238,0.5238095238095238,0.5738095238095239,0.4738095238095238,0.5,0.2380952380952383,0.2380952380952383,0.0,0.0,0.0,0.0,0.0,0.0,0.5238095238095238,0.0,0.0,0.0,0.5238095238095238,0.5,0,3,4,a9ce8225b0824467c9e5703197fc44e1,NHL,New York Islanders,Philadelphia Flyers,2025-11-28T21:08:19Z
0.5238095238095238,0.5238095238095238,26.97619047619048,26.97619047619048,26.97619047619048,26.97619047619048,-0.15,0.5238095238095238,0.5238095238095238,0.5238095238095238,0.5738095238095239,0.4738095238095238,0.5,0.2380952380952383,0.2380952380952383,0.0,0.0,0.0,0.0,0.0,0.0,0.5238095238095238,0.0,0.0,0.0,0.5238095238095238,0.5,1,5,4,9dbcbdb73b68acce76356cae763f2e8c,NHL,Anaheim Ducks,Los Angeles Kings,2025-11-28T21:08:22Z
0.0294117647058823,0.99009900990099,0.25,8.415841584158416,8.415841584158416,0.25,0.25,0.0294117647058823,0.0294117647058823,0.99009900990099,0.0794117647058823,0.94009900990099,0.5,-4.705882352941177,4.900990099009901,0.0,0.0,0.0,0.0,0.0,0.0,0.0294117647058823,0.0,0.0,0.0,0.0294117647058823,0.5,0,3,5,abbe71a2e2b0879b3c2b498464752638,NHL,Florida Panthers,Calgary Flames,2025-11-28T21:08:28Z
0.8333333333333334,0.217391304347826,4.583333333333334,1.1956521739130437,1.1956521739130437,4.583333333333334,-0.15,0.8333333333333334,0.8333333333333334,0.217391304347826,0.8833333333333334,0.167391304347826,0.5,3.333333333333334,-2.8260869565217392,0.0,0.0,0.0,0.0,0.0,0.0,0.8333333333333334,0.0,0.0,0.0,0.8333333333333334,0.5,1,3,2,c7a83e2772c666a51f0447c1a75861d8,NHL,San Jose Sharks,Vancouver Canucks,2025-11-28T21:10:28Z
0.6363636363636364,0.425531914893617,2.863636363636364,1.9148936170212767,1.9148936170212767,2.863636363636364,-0.15,0.6363636363636364,0.6363636363636364,0.425531914893617,0.6863636363636364,0.375531914893617,0.5,1.3636363636363635,-0.7446808510638298,0.0,0.0,0.0,0.0,0.0,0.0,0.6363636363636364,0.0,0.0,0.0,0.6363636363636364,0.5,1,5,1,fa98c68b7ff3002f19dc6f0f18b1a164,NHL,Carolina Hurricanes,Winnipeg Jets,2025-11-28T22:08:39Z
0.3448275862068966,0.7222222222222222,1.896551724137931,3.9722222222222223,3.9722222222222223,1.896551724137931,0.15,0.3448275862068966,0.3448275862068966,0.7222222222222222,0.3948275862068965,0.6722222222222222,0.5,-1.5517241379310345,2.2222222222222223,0.0,0.0,0.0,0.0,0.0,0.0,0.3448275862068966,0.0,0.0,0.0,0.3448275862068966,0.5,1,4,2,ccd70713b3ab11c4d18019d059e515dc,NHL,Washington Capitals,Toronto Maple Leafs,2025-11-28T22:09:23Z
0.574468085106383,0.4651162790697674,3.446808510638298,2.7906976744186047,2.7906976744186047,3.446808510638298,-0.15,0.574468085106383,0.574468085106383,0.4651162790697674,0.6244680851063831,0.4151162790697674,0.5,0.7446808510638303,-0.3488372093023256,0.0,0.0,0.0,0.0,0.0,0.0,0.574468085106383,0.0,0.0,0.0,0.574468085106383,0.5,0,3,4,a9f52ef6db5ce0a2da736b66d5acff34,NHL,Columbus Blue Jackets,Pittsburgh Penguins,2025-11-29T00:10:00Z
0.5073891625615764,0.5391705069124424,3.044334975369458,3.2350230414746544,3.2350230414746544,3.044334975369458,0.15,0.5073891625615764,0.5073891625615764,0.5391705069124424,0.5573891625615764,0.4891705069124424,0.5,0.073891625615764,0.3917050691244239,0.0,0.0,0.0,0.0,0.0,0.0,0.5073891625615764,0.0,0.0,0.0,0.5073891625615764,0.5,0,3,4,212f05f3cee2d92f80fa361c6aec8075,NHL,Chicago Blackhawks,Nashville Predators,2025-11-29T01:10:00Z
0.5652173913043478,0.4761904761904761,3.391304347826087,2.8571428571428568,2.8571428571428568,3.391304347826087,-0.15,0.5652173913043478,0.5652173913043478,0.4761904761904761,0.6152173913043478,0.4261904761904762,0.5,0.6521739130434778,-0.2380952380952383,0.0,0.0,0.0,0.0,0.0,0.0,0.5652173913043478,0.0,0.0,0.0,0.5652173913043478,0.5,1,4,3,f3b4de6d41371bfbee46913ea0daf0c2,NHL,Dallas Stars,Utah Mammoth,2025-11-29T01:10:00Z
0.5348837209302325,0.4975124378109453,3.209302325581395,2.985074626865672,2.985074626865672,3.209302325581395,-0.15,0.5348837209302325,0.5348837209302325,0.4975124378109453,0.5848837209302326,0.4475124378109453,0.5,0.3488372093023251,-0.0248756218905471,0.0,0.0,0.0,0.0,0.0,0.0,0.5348837209302325,0.0,0.0,0.0,0.5348837209302325,0.5,0,1,4,17c6fbc82b11cf20b91e32c938fc5f4d,NHL,New York Rangers,Tampa Bay Lightning,2025-11-29T19:10:00Z
0.7101449275362319,0.3205128205128205,4.615942028985508,2.083333333333333,2.083333333333333,4.615942028985508,-0.15,0.7101449275362319,0.7101449275362319,0.3205128205128205,0.760144927536232,0.2705128205128205,0.5,2.10144927536232,-1.7948717948717947,0.0,0.0,0.0,0.0,0.0,0.0,0.7101449275362319,0.0,0.0,0.0,0.7101449275362319,0.5,1,7,2,091b1f215a7deb920dcd8f483cad7c99,NHL,Colorado Avalanche,Montréal Canadiens,2025-11-29T20:10:00Z
0.4347826086956521,0.6,2.608695652173913,3.6,3.6,2.608695652173913,0.15,0.4347826086956521,0.4347826086956521,0.6,0.4847826086956521,0.5499999999999999,0.5,-0.6521739130434784,0.9999999999999998,0.0,0.0,0.0,0.0,0.0,0.0,0.4347826086956521,0.0,0.0,0.0,0.4347826086956521,0.5,0,0,4,6358ccfdc5d6ac1f1fc749ae2b7be9ee,NHL,Seattle Kraken,Edmonton Oilers,2025-11-29T21:10:00Z
0.0294117647058823,0.99009900990099,4.691176470588236,157.92079207920793,157.92079207920793,4.691176470588236,2.45,0.0294117647058823,0.0294117647058823,0.99009900990099,0.0794117647058823,0.94009900990099,0.5,-4.705882352941177,4.900990099009901,0.0,0.0,0.0,0.0,0.0,0.0,0.0294117647058823,0.0,0.0,0.0,0.0294117647058823,0.5,0,59,95,3fe78fc8ef5631f436f4d4fa5b6d8369,NCAAB,Florida St Seminoles,Texas A&M Aggies,2025-11-28T22:05:23Z
0.99009900990099,0.0294117647058823,149.009900990099,4.426470588235294,4.426470588235294,149.009900990099,-2.05,0.99009900990099,0.99009900990099,0.0294117647058823,1.0,0.0,0.5,4.900990099009901,-4.705882352941177,0.0,0.0,0.0,0.0,0.0,0.0,0.99009900990099,0.0,0.0,0.0,0.99009900990099,0.5,1,88,67,6d4ba4857520d3795499e6ac91980311,NCAAB,Xavier Musketeers,Texas A&M-CC Islanders,2025-11-28T22:35:00Z
0.5121951219512195,0.5555555555555556,81.69512195121952,88.61111111111111,88.61111111111111,81.69512195121952,0.1,0.5121951219512195,0.5121951219512195,0.5555555555555556,0.5621951219512196,0.5055555555555555,0.5,0.1219512195121952,0.5555555555555558,0.0,0.0,0.0,0.0,0.0,0.0,0.5121951219512195,0.0,0.0,0.0,0.5121951219512195,0.5,1,74,63,cc25a9d249b83346bc277e2651af8e0b,NCAAB,TCU Horned Frogs,Wisconsin Badgers,2025-11-28T22:55:07Z
0.7101449275362319,0.3802281368821292,99.7753623188406,53.42205323193916,53.42205323193916,99.7753623188406,-0.55,0.7101449275362319,0.7101449275362319,0.3802281368821292,0.760144927536232,0.3302281368821292,0.5,2.10144927536232,-1.1977186311787076,0.0,0.0,0.0,0.0,0.0,0.0,0.7101449275362319,0.0,0.0,0.0,0.7101449275362319,0.5,1,82,50,7b437271e85d85cc2681acddef5632c3,NCAAB,Idaho State Bengals,CSU Northridge Matadors,2025-11-28T23:31:10Z
0.99009900990099,0.032258064516129,139.6039603960396,4.548387096774193,4.548387096774193,139.6039603960396,-2.75,0.99009900990099,0.99009900990099,0.032258064516129,1.0,0.0,0.5,4.900990099009901,-4.67741935483871,0.0,0.0,0.0,0.0,0.0,0.0,0.99009900990099,0.0,0.0,0.0,0.99009900990099,0.5,1,92,56,1cba2fab043444805e19204a7bfa2f00,NCAAB,Clemson Tigers,Alabama A&M Bulldogs,2025-11-29T00:00:00Z
0.5145631067961165,0.5412844036697247,83.61650485436893,87.95871559633026,87.95871559633026,83.61650485436893,-0.1,0.5145631067961165,0.5145631067961165,0.5412844036697247,0.5645631067961165,0.4912844036697247,0.5,0.1456310679611649,0.4128440366972474,0.0,0.0,0.0,0.0,0.0,0.0,0.5145631067961165,0.0,0.0,0.0,0.5145631067961165,0.5,0,81,87,30b1f7ec166c07278b6db679ca6c6444,NCAAB,Mississippi St Bulldogs,SMU Mustangs,2025-11-29T00:00:00Z
0.3225806451612903,0.7222222222222222,47.90322580645161,107.25,107.25,47.90322580645161,0.55,0.3225806451612903,0.3225806451612903,0.7222222222222222,0.3725806451612903,0.6722222222222222,0.5,-1.774193548387097,2.2222222222222223,0.0,0.0,0.0,0.0,0.0,0.0,0.3225806451612903,0.0,0.0,0.0,0.3225806451612903,0.5,1,67,66,e25d36ee9a5cf7b5137d5cab13b67e72,NCAAB,Pittsburgh Panthers,Ohio State Buckeyes,2025-11-29T00:00:00Z
0.4878048780487805,0.5555555555555556,71.70731707317073,81.66666666666667,81.66666666666667,71.70731707317073,0.2,0.4878048780487805,0.4878048780487805,0.5555555555555556,0.5378048780487805,0.5055555555555555,0.5,-0.1219512195121952,0.5555555555555558,0.0,0.0,0.0,0.0,0.0,0.0,0.4878048780487805,0.0,0.0,0.0,0.4878048780487805,0.5,0,61,75,c7500f1f1a7cd971da939a8366de7112,NCAAB,Georgia Tech Yellow Jackets,DePaul Blue Demons,2025-11-29T00:00:50Z
0.3508771929824561,0.6923076923076923,53.33333333333333,105.23076923076924,105.23076923076924,53.33333333333333,0.55,0.3508771929824561,0.3508771929824561,0.6923076923076923,0.4008771929824561,0.6423076923076922,0.5,-1.4912280701754388,1.923076923076923,0.0,0.0,0.0,0.0,0.0,0.0,0.3508771929824561,0.0,0.0,0.0,0.3508771929824561,0.5,0,65,78,246ab41f1753da13754455c6eda01df0,NCAAB,Georgetown Hoyas,Miami Hurricanes,2025-11-29T00:05:00Z
0.4878048780487805,0.5555555555555556,78.29268292682927,89.16666666666667,89.16666666666667,78.29268292682927,0.15,0.4878048780487805,0.4878048780487805,0.5555555555555556,0.5378048780487805,0.5055555555555555,0.5,-0.1219512195121952,0.5555555555555558,0.0,0.0,0.0,0.0,0.0,0.0,0.4878048780487805,0.0,0.0,0.0,0.4878048780487805,0.5,1,78,77,97b5f49f2443eb464f9e31de2dc0ce65,NCAAB,Stanford Cardinal,Saint Louis Billikens,2025-11-29T00:05:00Z
0.6774193548387096,0.3636363636363636,104.66129032258064,56.18181818181818,56.18181818181818,104.66129032258064,-0.45,0.6774193548387096,0.6774193548387096,0.3636363636363636,0.7274193548387097,0.3136363636363636,0.5,1.7741935483870963,-1.3636363636363635,0.0,0.0,0.0,0.0,0.0,0.0,0.6774193548387096,0.0,0.0,0.0,0.6774193548387096,0.5,0,70,75,f0c1ded8ca2707c9d1b024c5880e65df,NCAAB,Wichita St Shockers,Western Kentucky Hilltoppers,2025-11-29T00:05:00Z
0.25,0.7938144329896907,35.375,112.32474226804123,112.32474226804123,35.375,0.75,0.25,0.25,0.7938144329896907,0.3,0.7438144329896906,0.5,-2.5,2.9381443298969065,0.0,0.0,0.0,0.0,0.0,0.0,0.25,0.0,0.0,0.0,0.25,0.5,0,67,69,a5e2eb304b758984c41e94878c43b715,NCAAB,Albany Great Danes,Colgate Raiders,2025-11-29T00:30:33Z
0.7142857142857143,0.3278688524590163,97.5,44.75409836065573,44.75409836065573,97.5,-0.5,0.7142857142857143,0.7142857142857143,0.3278688524590163,0.7642857142857143,0.2778688524590164,0.5,2.1428571428571432,-1.7213114754098364,0.0,0.0,0.0,0.0,0.0,0.0,0.7142857142857143,0.0,0.0,0.0,0.7142857142857143,0.5,0,45,51,8e6613fd5c0ec70050ef634fb9882a05,NCAAB,Louisiana Ragin' Cajuns,Jackson St Tigers,2025-11-29T01:00:00Z
0.5348837209302325,0.5121951219512195,82.3720930232558,78.8780487804878,78.8780487804878,82.3720930232558,-0.1,0.5348837209302325,0.5348837209302325,0.5121951219512195,0.5848837209302326,0.4621951219512195,0.5,0.3488372093023251,0.1219512195121952,0.0,0.0,0.0,0.0,0.0,0.0,0.5348837209302325,0.0,0.0,0.0,0.5348837209302325,0.5,0,68,94,d89d2547e14271f25f8e6ba1be6568ec,NCAAB,Idaho Vandals,Sam Houston St Bearkats,2025-11-29T02:00:00Z
0.2105263157894736,0.8333333333333334,31.684210526315788,125.41666666666669,125.41666666666669,31.684210526315788,0.95,0.2105263157894736,0.2105263157894736,0.8333333333333334,0.2605263157894736,0.7833333333333333,0.5,-2.894736842105264,3.333333333333334,0.0,0.0,0.0,0.0,0.0,0.0,0.2105263157894736,0.0,0.0,0.0,0.2105263157894736,0.5,0,79,83,d131a54a7ee88b478f289df03db1f77c,NCAAB,Dayton Flyers,BYU Cougars,2025-11-29T02:30:00Z
0.3508771929824561,0.6923076923076923,48.94736842105263,96.57692307692308,96.57692307692308,48.94736842105263,0.5,0.3508771929824561,0.3508771929824561,0.6923076923076923,0.4008771929824561,0.6423076923076922,0.5,-1.4912280701754388,1.923076923076923,0.0,0.0,0.0,0.0,0.0,0.0,0.3508771929824561,0.0,0.0,0.0,0.3508771929824561,0.5,0,75,86,2e798ba537a145f56052cf8ae30fc663,NCAAB,Minnesota Golden Gophers,Santa Clara Broncos,2025-11-29T02:30:00Z
0.8979591836734694,0.144927536231884,136.0408163265306,21.95652173913044,21.95652173913044,136.0408163265306,-1.2,0.8979591836734694,0.8979591836734694,0.144927536231884,0.9479591836734694,0.094927536231884,0.5,3.979591836734694,-3.55072463768116,0.0,0.0,0.0,0.0,0.0,0.0,0.8979591836734694,0.0,0.0,0.0,0.8979591836734694,0.5,1,71,62,6ee4c4639173d3e7b9bd4cbfaf88268c,NCAAB,LSU Tigers,Drake Bulldogs,2025-11-29T02:30:13Z
0.863013698630137,0.1818181818181818,119.52739726027396,25.181818181818183,25.181818181818183,119.52739726027396,-1.05,0.863013698630137,0.863013698630137,0.1818181818181818,0.913013698630137,0.1318181818181818,0.5,3.6301369863013697,-3.1818181818181817,0.0,0.0,0.0,0.0,0.0,0.0,0.863013698630137,0.0,0.0,0.0,0.863013698630137,0.5,0,68,71,1399f0815dafe4c236b92113e2d561ea,NCAAB,Loyola Marymount Lions,Stony Brook Seawolves,2025-11-29T03:00:00Z
0.9615384615384616,0.0714285714285714,143.75,10.678571428571429,10.678571428571429,143.75,-1.8,0.9615384615384616,0.9615384615384616,0.0714285714285714,1.0,0.0214285714285714,0.5,4.615384615384616,-4.285714285714287,0.0,0.0,0.0,0.0,0.0,0.0,0.9615384615384616,0.0,0.0,0.0,0.9615384615384616,0.5,1,92,55,983e8cedee951a8b9d0bae9c30710936,NCAAB,Hawai'i Rainbow Warriors,North Dakota Fighting Hawks,2025-11-29T05:00:00Z
0.99009900990099,0.032258064516129,149.009900990099,4.854838709677419,4.854838709677419,149.009900990099,-2.55,0.99009900990099,0.99009900990099,0.032258064516129,1.0,0.0,0.5,4.900990099009901,-4.67741935483871,0.0,0.0,0.0,0.0,0.0,0.0,0.99009900990099,0.0,0.0,0.0,0.99009900990099,0.5,0,100,56,99ea27fa1a76179d46be0d3ae3db15c3,NCAAB,Indiana Hoosiers,Bethune-Cookman Wildcats,2025-11-29T17:00:00Z
0.7101449275362319,0.3355704697986577,99.7753623188406,47.14765100671141,47.14765100671141,99.7753623188406,-0.5,0.7101449275362319,0.7101449275362319,0.3355704697986577,0.760144927536232,0.2855704697986577,0.5,2.10144927536232,-1.6442953020134228,0.0,0.0,0.0,0.0,0.0,0.0,0.7101449275362319,0.0,0.0,0.0,0.7101449275362319,0.5,0,65,69,5c8c932f483743867152c551d94cad74,NCAAB,Navy Midshipmen,SE Louisiana Lions,2025-11-29T17:00:00Z
0.5238095238095238,0.5238095238095238,75.69047619047619,75.69047619047619,75.69047619047619,75.69047619047619,-0.15,0.5238095238095238,0.5238095238095238,0.5238095238095238,0.5738095238095239,0.4738095238095238,0.5,0.2380952380952383,0.2380952380952383,0.0,0.0,0.0,0.0,0.0,0.0,0.5238095238095238,0.0,0.0,0.0,0.5238095238095238,0.5,0,66,70,e14cec5012541695e79dc883be1cefa5,NCAAB,Niagara Purple Eagles,Detroit Mercy Titans,2025-11-29T18:00:00Z
0.9782608695652174,0.0555555555555555,157.0108695652174,8.916666666666666,8.916666666666666,157.0108695652174,-2.45,0.9782608695652174,0.9782608695652174,0.0555555555555555,1.0,0.0055555555555555,0.5,4.782608695652174,-4.444444444444445,0.0,0.0,0.0,0.0,0.0,0.0,0.9782608695652174,0.0,0.0,0.0,0.9782608695652174,0.5,1,82,57,62292a99ee0a4342280f4f8b841b6013,NCAAB,UCF Knights,VMI Keydets,2025-11-29T18:00:00Z
0.5454545454545454,0.5,78.27272727272727,71.75,71.75,78.27272727272727,-0.15,0.5454545454545454,0.5454545454545454,0.5,0.5954545454545455,0.45,0.5,0.4545454545454541,0.0,0.0,0.0,0.0,0.0,0.0,0.0,0.5454545454545454,0.0,0.0,0.0,0.5454545454545454,0.5,0,61,87,f1fdd205a0cec3ad8d26146dbc5ec55f,NCAAB,Saint Peter's Peacocks,Dartmouth Big Green,2025-11-29T19:00:00Z
0.875,0.1666666666666666,128.1875,24.416666666666664,24.416666666666664,128.1875,-1.15,0.875,0.875,0.1666666666666666,0.925,0.1166666666666666,0.5,3.75,-3.333333333333334,0.0,0.0,0.0,0.0,0.0,0.0,0.875,0.0,0.0,0.0,0.875,0.5,1,82,66,d03b6dc5caeefdbe8a3c5e5571efcb05,NCAAB,George Mason Patriots,James Madison Dukes,2025-11-29T19:00:00Z
0.5,0.5,79.25,79.25,79.25,79.25,-3.45,0.5,0.5,0.5,0.55,0.45,0.5,0.0,0.0,0.0,0.0,0.0,0.0,0.0,0.0,0.5,0.0,0.0,0.0,0.5,0.5,0,123,81,cee509424c5015dc4ac43335704b5e5e,NCAAB,Georgia Bulldogs,Tennessee Tech Golden Eagles,2025-11-29T19:00:00Z
0.574468085106383,0.4761904761904761,104.8404255319149,86.9047619047619,86.9047619047619,104.8404255319149,-0.25,0.574468085106383,0.574468085106383,0.4761904761904761,0.6244680851063831,0.4261904761904762,0.5,0.7446808510638303,-0.2380952380952383,0.0,0.0,0.0,0.0,0.0,0.0,0.574468085106383,0.0,0.0,0.0,0.574468085106383,0.5,1,85,80,49ceef022de58ab13c7e15d998d22992,NCAAB,IUPUI Jaguars,Morehead St Eagles,2025-11-29T19:00:00Z
0.9950248756218906,0.024390243902439,158.2089552238806,3.878048780487805,3.878048780487805,158.2089552238806,-2.6,0.9950248756218906,0.9950248756218906,0.024390243902439,1.0,0.0,0.5,4.9502487562189055,-4.7560975609756095,0.0,0.0,0.0,0.0,0.0,0.0,0.9950248756218906,0.0,0.0,0.0,0.9950248756218906,0.5,1,72,63,7a6719f9b26ec6f8c2ec5dfbb5028739,NCAAB,Nebraska Cornhuskers,South Carolina Upstate Spartans,2025-11-29T19:00:00Z
0.5098039215686274,0.5348837209302325,72.6470588235294,76.22093023255813,76.22093023255813,72.6470588235294,0.1,0.5098039215686274,0.5098039215686274,0.5348837209302325,0.5598039215686275,0.4848837209302325,0.5,0.0980392156862741,0.3488372093023251,0.0,0.0,0.0,0.0,0.0,0.0,0.5098039215686274,0.0,0.0,0.0,0.5098039215686274,0.5,1,66,61,2ea0b0d2f012f68e02ecfc7f82b819ac,NCAAB,UT-Arlington Mavericks,Stephen F. Austin Lumberjacks,2025-11-29T20:00:00Z
0.7142857142857143,0.3333333333333333,106.78571428571428,49.83333333333333,49.83333333333333,106.78571428571428,-0.65,0.7142857142857143,0.7142857142857143,0.3333333333333333,0.7642857142857143,0.2833333333333333,0.5,2.1428571428571432,-1.666666666666667,0.0,0.0,0.0,0.0,0.0,0.0,0.7142857142857143,0.0,0.0,0.0,0.7142857142857143,0.5,1,84,55,c601fa348511d8888b91192a935b7421,NCAAB,Valparaiso Beacons,Western Michigan Broncos,2025-11-29T20:00:00Z
0.6296296296296297,0.4166666666666667,94.75925925925928,62.708333333333336,62.708333333333336,94.75925925925928,-0.35,0.6296296296296297,0.6296296296296297,0.4166666666666667,0.6796296296296297,0.3666666666666667,0.5,1.2962962962962965,-0.8333333333333331,0.0,0.0,0.0,0.0,0.0,0.0,0.6296296296296297,0.0,0.0,0.0,0.6296296296296297,0.5,1,80,63,166961a4398f2eb59e041092d074480d,NCAAB,South Dakota Coyotes,Air Force Falcons,2025-11-29T21:00:00Z
0.5,0.5,71.75,71.75,71.75,71.75,-3.45,0.5,0.5,0.5,0.55,0.45,0.5,0.0,0.0,0.0,0.0,0.0,0.0,0.0,0.0,0.5,0.0,0.0,0.0,0.5,0.5,1,98,61,09eff24079f25b87eb5af48a1663cfe6,NCAAB,Arizona Wildcats,Norfolk St Spartans,2025-11-29T21:00:00Z
0.5833333333333334,0.4651162790697674,94.79166666666669,75.5813953488372,75.5813953488372,94.79166666666669,-0.15,0.5833333333333334,0.5833333333333334,0.4651162790697674,0.6333333333333334,0.4151162790697674,0.5,0.8333333333333337,-0.3488372093023256,0.0,0.0,0.0,0.0,0.0,0.0,0.5833333333333334,0.0,0.0,0.0,0.5833333333333334,0.5,0,84,91,98ee497d411bde1a6c7c80e5424347e5,NCAAB,Elon Phoenix,Mercer Bears,2025-11-29T21:00:00Z
0.967741935483871,0.074074074074074,143.70967741935485,11.0,11.0,143.70967741935485,-1.95,0.967741935483871,0.967741935483871,0.074074074074074,1.0,0.024074074074074,0.5,4.67741935483871,-4.25925925925926,0.0,0.0,0.0,0.0,0.0,0.0,0.967741935483871,0.0,0.0,0.0,0.967741935483871,0.5,1,84,81,6eaa7231411394f35afb235b96d0008f,NCAAB,Utah State Aggies,Montana St Bobcats,2025-11-29T21:00:00Z
0.8571428571428571,0.1904761904761904,130.7142857142857,29.047619047619047,29.047619047619047,130.7142857142857,-1.15,0.8571428571428571,0.8571428571428571,0.1904761904761904,0.9071428571428573,0.1404761904761904,0.5,3.571428571428571,-3.095238095238096,0.0,0.0,0.0,0.0,0.0,0.0,0.8571428571428571,0.0,0.0,0.0,0.8571428571428571,0.5,1,82,61,cf09b3998506fccad745327f94eeafe3,NCAAB,Weber State Wildcats,UMKC Kangaroos,2025-11-29T21:00:00Z
0.7014925373134329,0.3508771929824561,100.0,100.0,100.0,100.0,0.15,0.7014925373134329,0.7014925373134329,0.3508771929824561,0.7514925373134329,0.3008771929824561,0.5,2.0149253731343286,-1.4912280701754388,0.0,0.0,0.0,0.0,0.0,0.0,0.7014925373134329,0.0,0.0,0.0,0.7014925373134329,0.5,1,23,17,5522e41053ad21182dcb8e88569c3239,NCAAF,New Mexico Lobos,San Diego State Aztecs,2025-11-28T20:32:00Z
0.8333333333333334,0.2222222222222222,45.41666666666667,12.11111111111111,12.11111111111111,45.41666666666667,-0.75,0.8333333333333334,0.8333333333333334,0.2222222222222222,0.8833333333333334,0.1722222222222222,0.5,3.333333333333334,-2.7777777777777777,0.0,0.0,0.0,0.0,0.0,0.0,0.8333333333333334,0.0,0.0,0.0,0.8333333333333334,0.5,0,24,25,baf849e79f0978d22d19b6c5e9df6622,NCAAF,Utah State Aggies,Boise State Broncos,2025-11-28T20:34:00Z
0.5,0.5,38.75,38.75,38.75,38.75,-2.75,0.5,0.5,0.5,0.55,0.45,0.5,0.0,0.0,0.0,0.0,0.0,0.0,0.0,0.0,0.5,0.0,0.0,0.0,0.5,0.5,1,52,25,4ed54dc6116ec6373f9a1cf015ca6070,NCAAF,North Texas Mean Green,Temple Owls,2025-11-28T20:35:00Z
0.0689655172413793,0.99009900990099,100.0,100.0,100.0,100.0,0.65,0.0689655172413793,0.0689655172413793,0.99009900990099,0.1189655172413793,0.94009900990099,0.5,-4.310344827586206,4.900990099009901,0.0,0.0,0.0,0.0,0.0,0.0,0.0689655172413793,0.0,0.0,0.0,0.0689655172413793,0.5,1,9,16,ee12d0d5e2a05a709506af59bd525728,NCAAF,Georgia Tech Yellow Jackets,Georgia Bulldogs,2025-11-28T20:45:58Z
0.0526315789473684,0.99009900990099,2.8684210526315788,53.96039603960396,53.96039603960396,2.8684210526315788,2.85,0.0526315789473684,0.0526315789473684,0.99009900990099,0.1026315789473684,0.94009900990099,0.5,-4.473684210526316,4.900990099009901,0.0,0.0,0.0,0.0,0.0,0.0,0.0526315789473684,0.0,0.0,0.0,0.0526315789473684,0.5,0,3,56,0f077fbc1706837ce351b4841cf850c9,NCAAF,Purdue Boilermakers,Indiana Hoosiers,2025-11-29T00:30:00Z
0.4878048780487805,0.5652173913043478,26.585365853658537,30.80434782608696,30.80434782608696,26.585365853658537,0.25,0.4878048780487805,0.4878048780487805,0.5652173913043478,0.5378048780487805,0.5152173913043477,0.5,-0.1219512195121952,0.6521739130434778,0.0,0.0,0.0,0.0,0.0,0.0,0.4878048780487805,0.0,0.0,0.0,0.4878048780487805,0.5,1,27,17,031eaf298fe62f9cc1ee593ebf867ad2,NCAAF,Texas Longhorns,Texas A&M Aggies,2025-11-29T00:30:00Z
0.5,0.5454545454545454,24.25,26.454545454545453,26.454545454545453,24.25,0.15,0.5,0.5,0.5454545454545454,0.55,0.4954545454545454,0.5,0.0,0.4545454545454541,0.0,0.0,0.0,0.0,0.0,0.0,0.5,0.0,0.0,0.0,0.5,0.5,1,7,23,eef629c46747c4f201a425717b019fde,NCAAF,Arizona State Sun Devils,Arizona Wildcats,2025-11-29T02:00:00Z
0.9166666666666666,0.1290322580645161,38.04166666666666,5.354838709677419,5.354838709677419,38.04166666666666,-1.75,0.9166666666666666,0.9166666666666666,0.1290322580645161,0.9666666666666668,0.0790322580645161,0.5,4.166666666666666,-3.709677419354839,0.0,0.0,0.0,0.0,0.0,0.0,0.9166666666666666,0.0,0.0,0.0,0.9166666666666666,0.5,1,45,24,56a84e83bd6d308bd7e7639bcb7b5879,NCAAF,Miami (OH) RedHawks,Ball State Cardinals,2025-11-29T17:00:00Z
0.6,0.4444444444444444,35.1,26.0,26.0,35.1,-0.25,0.6,0.6,0.4444444444444444,0.65,0.3944444444444444,0.5,0.9999999999999998,-0.5555555555555558,0.0,0.0,0.0,0.0,0.0,0.0,0.6,0.0,0.0,0.0,0.6,0.5,0,24,31,09d90f3370c02dea5e1eac347ffe476f,NCAAF,Baylor Bears,Houston Cougars,2025-11-29T17:00:00Z
0.2352941176470588,0.8095238095238095,10.705882352941176,36.833333333333336,36.833333333333336,10.705882352941176,1.05,0.2352941176470588,0.2352941176470588,0.8095238095238095,0.2852941176470588,0.7595238095238095,0.5,-2.647058823529412,3.095238095238096,0.0,0.0,0.0,0.0,0.0,0.0,0.2352941176470588,0.0,0.0,0.0,0.2352941176470588,0.5,1,3,21,19367e63058bb517983e08c2502c9c4c,NCAAF,Central Michigan Chippewas,Toledo Rockets,2025-11-29T17:00:00Z
0.5918367346938775,0.4545454545454545,27.520408163265305,21.13636363636364,21.13636363636364,27.520408163265305,-0.25,0.5918367346938775,0.5918367346938775,0.4545454545454545,0.6418367346938776,0.4045454545454545,0.5,0.9183673469387754,-0.4545454545454547,0.0,0.0,0.0,0.0,0.0,0.0,0.5918367346938775,0.0,0.0,0.0,0.5918367346938775,0.5,0,14,28,c739b05669e6035797b50a66f2c23ce0,NCAAF,South Carolina Gamecocks,Clemson Tigers,2025-11-29T17:00:00Z
0.9047619047619048,0.1388888888888889,45.69047619047619,7.013888888888889,7.013888888888889,45.69047619047619,-1.7,0.9047619047619048,0.9047619047619048,0.1388888888888889,0.9547619047619048,0.0888888888888888,0.5,4.047619047619048,-3.611111111111111,0.0,0.0,0.0,0.0,0.0,0.0,0.9047619047619048,0.0,0.0,0.0,0.9047619047619048,0.5,1,24,14,98355c397c652869253cd333094fd6a8,NCAAF,Kansas State Wildcats,Colorado Buffaloes,2025-11-29T17:00:00Z
0.3333333333333333,0.7142857142857143,22.166666666666664,47.5,47.5,22.166666666666664,0.7,0.3333333333333333,0.3333333333333333,0.7142857142857143,0.3833333333333333,0.6642857142857143,0.5,-1.666666666666667,2.1428571428571432,0.0,0.0,0.0,0.0,0.0,0.0,0.3333333333333333,0.0,0.0,0.0,0.3333333333333333,0.5,0,3,42,254de28063691b5c8d711686691d3c90,NCAAF,Florida Atlantic Owls,East Carolina Pirates,2025-11-29T17:00:00Z
0.1904761904761904,0.8571428571428571,8.857142857142856,39.85714285714285,39.85714285714285,8.857142857142856,1.4,0.1904761904761904,0.1904761904761904,0.8571428571428571,0.2404761904761904,0.807142857142857,0.5,-3.095238095238096,3.571428571428571,0.0,0.0,0.0,0.0,0.0,0.0,0.1904761904761904,0.0,0.0,0.0,0.1904761904761904,0.5,0,13,20,6f1fb568ca7f6fa5adc55fb37e6cbf3b,NCAAF,Oklahoma State Cowboys,Iowa State Cyclones,2025-11-29T17:00:00Z
0.6,0.4444444444444444,27.9,20.666666666666664,20.666666666666664,27.9,-0.3,0.6,0.6,0.4444444444444444,0.65,0.3944444444444444,0.5,0.9999999999999998,-0.5555555555555558,0.0,0.0,0.0,0.0,0.0,0.0,0.6,0.0,0.0,0.0,0.6,0.5,1,41,0,f64071bbf06bf34a684c347ad45f82a9,NCAAF,Louisville Cardinals,Kentucky Wildcats,2025-11-29T17:00:00Z
0.3076923076923077,0.7333333333333333,15.230769230769232,36.3,36.3,15.230769230769232,0.7,0.3076923076923077,0.3076923076923077,0.7333333333333333,0.3576923076923077,0.6833333333333332,0.5,-1.923076923076923,2.333333333333333,0.0,0.0,0.0,0.0,0.0,0.0,0.3076923076923077,0.0,0.0,0.0,0.3076923076923077,0.5,1,7,38,8f08d4462c8cbc09b866893ca21ae406,NCAAF,Pittsburgh Panthers,Miami Hurricanes,2025-11-29T17:00:00Z
0.2469135802469135,0.7916666666666666,10.864197530864196,34.83333333333333,34.83333333333333,10.864197530864196,1.0,0.2469135802469135,0.2469135802469135,0.7916666666666666,0.2969135802469135,0.7416666666666666,0.5,-2.5308641975308643,2.916666666666666,0.0,0.0,0.0,0.0,0.0,0.0,0.2469135802469135,0.0,0.0,0.0,0.2469135802469135,0.5,1,9,27,a17c0bb6637ad2192754d6d1059f7e92,NCAAF,Michigan Wolverines,Ohio State Buckeyes,2025-11-29T17:00:00Z
0.0833333333333333,0.9615384615384616,4.375,50.48076923076923,50.48076923076923,4.375,2.35,0.0833333333333333,0.0833333333333333,0.9615384615384616,0.1333333333333333,0.9115384615384616,0.5,-4.166666666666667,4.615384615384616,0.0,0.0,0.0,0.0,0.0,0.0,0.0833333333333333,0.0,0.0,0.0,0.0833333333333333,0.5,0,0,49,9328f7960f57736e8da4b90cb2bdd826,NCAAF,West Virginia Mountaineers,Texas Tech Red Raiders,2025-11-29T17:00:00Z
0.9230769230769232,0.1176470588235294,43.84615384615385,5.588235294117647,5.588235294117647,43.84615384615385,-1.75,0.9230769230769232,0.9230769230769232,0.1176470588235294,0.9730769230769232,0.0676470588235294,0.5,4.230769230769232,-3.8235294117647056,0.0,0.0,0.0,0.0,0.0,0.0,0.9230769230769232,0.0,0.0,0.0,0.9230769230769232,0.5,1,41,21,8e9db25305896f6a8ee5bf0e94c260f5,NCAAF,BYU Cougars,UCF Knights,2025-11-29T18:00:00Z
0.6666666666666666,0.3773584905660377,37.0,20.943396226415096,20.943396226415096,37.0,-0.45,0.6666666666666666,0.6666666666666666,0.3773584905660377,0.7166666666666667,0.3273584905660378,0.5,1.6666666666666663,-1.2264150943396224,0.0,0.0,0.0,0.0,0.0,0.0,0.6666666666666666,0.0,0.0,0.0,0.6666666666666666,0.5,1,61,31,2b6eb9e9331db7145e356d6a101aa182,NCAAF,Delaware Blue Hens,UTEP Miners,2025-11-29T18:00:00Z
0.2272727272727272,0.8181818181818182,11.704545454545457,42.13636363636364,42.13636363636364,11.704545454545457,1.05,0.2272727272727272,0.2272727272727272,0.8181818181818182,0.2772727272727273,0.7681818181818182,0.5,-2.727272727272727,3.1818181818181825,0.0,0.0,0.0,0.0,0.0,0.0,0.2272727272727272,0.0,0.0,0.0,0.2272727272727272,0.5,0,16,56,c66eb20cac802e1eec89aeda0d77ffd6,NCAAF,Sam Houston State Bearkats,Florida International Panthers,2025-11-29T18:00:00Z
0.7894736842105263,0.2564102564102564,50.131578947368425,16.28205128205128,16.28205128205128,50.131578947368425,-1.0,0.7894736842105263,0.7894736842105263,0.2564102564102564,0.8394736842105264,0.2064102564102564,0.5,2.894736842105264,-2.435897435897436,0.0,0.0,0.0,0.0,0.0,0.0,0.7894736842105263,0.0,0.0,0.0,0.7894736842105263,0.5,0,19,24,6888a4fdeae90f5ab2eb0051e9b20ed4,NCAAF,Marshall Thundering Herd,Georgia Southern Eagles,2025-11-29T18:30:00Z
0.9803921568627452,0.0588235294117647,57.35294117647059,3.441176470588235,3.441176470588235,57.35294117647059,-2.75,0.9803921568627452,0.9803921568627452,0.0588235294117647,1.0,0.0088235294117647,0.5,4.803921568627451,-4.411764705882353,0.0,0.0,0.0,0.0,0.0,0.0,0.9803921568627452,0.0,0.0,0.0,0.9803921568627452,0.5,1,27,10,b1296a643a8d9b6bb75acc3d224e1394,NCAAF,Old Dominion Monarchs,Georgia State Panthers,2025-11-29T19:00:00Z
0.4545454545454545,0.5918367346938775,25.454545454545453,33.14285714285714,33.14285714285714,25.454545454545453,0.25,0.4545454545454545,0.4545454545454545,0.5918367346938775,0.5045454545454545,0.5418367346938775,0.5,-0.4545454545454547,0.9183673469387754,0.0,0.0,0.0,0.0,0.0,0.0,0.4545454545454545,0.0,0.0,0.0,0.4545454545454545,0.5,1,37,34,0bf97e02f7764b89a22261ca0e26867a,NCAAF,Jacksonville State Gamecocks,Western Kentucky Hilltoppers,2025-11-29T19:00:00Z
0.5833333333333334,0.4651162790697674,27.708333333333336,22.09302325581396,22.09302325581396,27.708333333333336,-0.25,0.5833333333333334,0.5833333333333334,0.4651162790697674,0.6333333333333334,0.4151162790697674,0.5,0.8333333333333337,-0.3488372093023256,0.0,0.0,0.0,0.0,0.0,0.0,0.5833333333333334,0.0,0.0,0.0,0.5833333333333334,0.5,0,30,42,40957cd6146dab4aa2d4b8431e1fb6df,NCAAF,Missouri State Bears,Louisiana Tech Bulldogs,2025-11-29T19:00:00Z
0.5348837209302325,0.5121951219512195,29.151162790697672,27.914634146341463,27.914634146341463,29.151162790697672,-0.15,0.5348837209302325,0.5348837209302325,0.5121951219512195,0.5848837209302326,0.4621951219512195,0.5,0.3488372093023251,0.1219512195121952,0.0,0.0,0.0,0.0,0.0,0.0,0.5348837209302325,0.0,0.0,0.0,0.5348837209302325,0.5,0,29,30,adba965eb4a76372f31e42f5a02f4157,NCAAF,Appalachian State Mountaineers,Arkansas State Red Wolves,2025-11-29T19:30:00Z
0.4444444444444444,0.6,23.77777777777777,32.1,32.1,23.77777777777777,0.3,0.4444444444444444,0.4444444444444444,0.6,0.4944444444444444,0.5499999999999999,0.5,-0.5555555555555558,0.9999999999999998,0.0,0.0,0.0,0.0,0.0,0.0,0.4444444444444444,0.0,0.0,0.0,0.4444444444444444,0.5,0,12,34,f227f0ba147cb8471b7fa0200e02b853,NCAAF,Syracuse Orange,Boston College Eagles,2025-11-29T20:00:00Z
0.7647058823529411,0.2777777777777778,36.3235294117647,13.194444444444445,13.194444444444445,36.3235294117647,-0.85,0.7647058823529411,0.7647058823529411,0.2777777777777778,0.8147058823529412,0.2277777777777778,0.5,2.6470588235294112,-2.2222222222222223,0.0,0.0,0.0,0.0,0.0,0.0,0.7647058823529411,0.0,0.0,0.0,0.7647058823529411,0.5,1,30,27,12bd1537fbeb1dc2a7c5bffa180a01bc,NCAAF,Louisiana Ragin Cajuns,UL Monroe Warhawks,2025-11-29T20:00:00Z
0.7647058823529411,0.2777777777777778,47.79411764705882,17.36111111111111,17.36111111111111,47.79411764705882,-0.95,0.7647058823529411,0.7647058823529411,0.2777777777777778,0.8147058823529412,0.2277777777777778,0.5,2.6470588235294112,-2.2222222222222223,0.0,0.0,0.0,0.0,0.0,0.0,0.7647058823529411,0.0,0.0,0.0,0.7647058823529411,0.5,1,49,26,3b8f7932b91ca36668646fcf4eca8509,NCAAF,Texas State Bobcats,South Alabama Jaguars,2025-11-29T20:00:00Z
0.75,0.2857142857142857,43.875,16.71428571428571,16.71428571428571,43.875,-0.95,0.75,0.75,0.2857142857142857,0.8,0.2357142857142857,0.5,2.5,-2.1428571428571432,0.0,0.0,0.0,0.0,0.0,0.0,0.75,0.0,0.0,0.0,0.75,0.5,0,24,31,71922a98a9b3e7e072bf9676e0470921,NCAAF,Tulsa Golden Hurricane,UAB Blazers,2025-11-29T20:00:00Z
0.4878048780487805,0.5555555555555556,18.78048780487805,21.38888888888889,21.38888888888889,18.78048780487805,0.15,0.4878048780487805,0.4878048780487805,0.5555555555555556,0.5378048780487805,0.5055555555555555,0.5,-0.1219512195121952,0.5555555555555558,0.0,0.0,0.0,0.0,0.0,0.0,0.4878048780487805,0.0,0.0,0.0,0.4878048780487805,0.5,0,17,7,01a5a9e3a1d3ecea3295256c33dfef3e,NCAAF,Minnesota Golden Gophers,Wisconsin Badgers,2025-11-29T20:30:00Z
0.7142857142857143,0.3333333333333333,36.07142857142857,16.833333333333332,16.833333333333332,36.07142857142857,-0.65,0.7142857142857143,0.7142857142857143,0.3333333333333333,0.7642857142857143,0.2833333333333333,0.5,2.1428571428571432,-1.666666666666667,0.0,0.0,0.0,0.0,0.0,0.0,0.7142857142857143,0.0,0.0,0.0,0.7142857142857143,0.5,0,18,28,011ef17b2d5d53a4f74992fa28c703ce,NCAAF,Southern Mississippi Golden Eagles,Troy Trojans,2025-11-29T20:30:00Z
0.6825396825396826,0.4,157.32539682539684,92.2,92.2,157.32539682539684,-0.3,0.6825396825396826,0.6825396825396826,0.4,0.7325396825396826,0.35,0.5,1.8253968253968256,-0.9999999999999998,0.0,0.0,0.0,0.0,0.0,0.0,0.6825396825396826,0.0,0.0,0.0,0.6825396825396826,0.5,1,119,115,39e465c2052d07aab9762ed395f51fa5,NBA,Minnesota Timberwolves,Boston Celtics,2025-11-29T22:10:00Z
0.196078431372549,0.8850574712643678,44.6078431372549,201.3505747126437,201.3505747126437,44.6078431372549,1.05,0.196078431372549,0.196078431372549,0.8850574712643678,0.246078431372549,0.8350574712643678,0.5,-3.03921568627451,3.8505747126436782,0.0,0.0,0.0,0.0,0.0,0.0,0.196078431372549,0.0,0.0,0.0,0.196078431372549,0.5,1,118,111,696e82430b8051b843f9549230e468dd,NBA,Charlotte Hornets,Toronto Raptors,2025-11-29T23:12:00Z
0.4761904761904761,0.576271186440678,114.52380952380952,138.59322033898306,138.59322033898306,114.52380952380952,0.25,0.4761904761904761,0.4761904761904761,0.576271186440678,0.5261904761904762,0.5262711864406779,0.5,-0.2380952380952383,0.7627118644067798,0.0,0.0,0.0,0.0,0.0,0.0,0.4761904761904761,0.0,0.0,0.0,0.4761904761904761,0.5,1,103,101,a2d896d787150b3b68cf4e3ad6424180,NBA,Indiana Pacers,Chicago Bulls,2025-11-30T00:40:00Z
0.855072463768116,0.196078431372549,186.40579710144928,42.74509803921568,42.74509803921568,186.40579710144928,-1.15,0.855072463768116,0.855072463768116,0.196078431372549,0.905072463768116,0.146078431372549,0.5,3.55072463768116,-3.03921568627451,0.0,0.0,0.0,0.0,0.0,0.0,0.855072463768116,0.0,0.0,0.0,0.855072463768116,0.5,0,116,99,784f94820715274309e16d3de4928361,NBA,Milwaukee Bucks,Brooklyn Nets,2025-11-30T01:10:00Z
0.6389891696750902,0.4166666666666667,153.0379061371841,99.79166666666669,99.79166666666669,153.0379061371841,-0.4,0.6389891696750902,0.6389891696750902,0.4166666666666667,0.6889891696750903,0.3666666666666667,0.5,1.3898916967509023,-0.8333333333333331,0.0,0.0,0.0,0.0,0.0,0.0,0.6389891696750902,0.0,0.0,0.0,0.6389891696750902,0.5,0,135,138,f374f371daee659611ed1afec06ab85a,NBA,Miami Heat,Detroit Pistons,2025-11-30T01:10:00Z
0.782608695652174,0.2702702702702703,177.2608695652174,61.21621621621622,61.21621621621622,177.2608695652174,-0.9,0.782608695652174,0.782608695652174,0.2702702702702703,0.832608695652174,0.2202702702702703,0.5,2.8260869565217392,-2.2972972972972974,0.0,0.0,0.0,0.0,0.0,0.0,0.782608695652174,0.0,0.0,0.0,0.782608695652174,0.5,0,104,96,98a8aa8f24faf2bb72c27a045952a513,NBA,Golden State Warriors,New Orleans Pelicans,2025-11-30T01:40:00Z
0.4545454545454545,0.5918367346938775,104.77272727272728,136.41836734693877,136.41836734693877,104.77272727272728,0.25,0.4545454545454545,0.4545454545454545,0.5918367346938775,0.5045454545454545,0.5418367346938775,0.5,-0.4545454545454547,0.9183673469387754,0.0,0.0,0.0,0.0,0.0,0.0,0.4545454545454545,0.0,0.0,0.0,0.4545454545454545,0.5,0,112,130,1f7454c298835aeb669542fd07b8fcfc,NBA,Phoenix Suns,Denver Nuggets,2025-11-30T02:10:00Z
0.7777777777777778,0.2631578947368421,173.44444444444446,58.68421052631579,58.68421052631579,173.44444444444446,-0.8,0.7777777777777778,0.7777777777777778,0.2631578947368421,0.8277777777777778,0.2131578947368421,0.5,2.7777777777777777,-2.368421052631579,0.0,0.0,0.0,0.0,0.0,0.0,0.7777777777777778,0.0,0.0,0.0,0.7777777777777778,0.5,0,110,114,1e352618f91c0149a6c0319235936d22,NBA,Los Angeles Clippers,Dallas Mavericks,2025-11-30T03:10:00Z
0.4366812227074236,0.6,2.4017467248908297,3.3,3.3,2.4017467248908297,0.15,0.4366812227074236,0.4366812227074236,0.6,0.4866812227074236,0.5499999999999999,0.5,-0.633187772925764,0.9999999999999998,0.0,0.0,0.0,0.0,0.0,0.0,0.4366812227074236,0.0,0.0,0.0,0.4366812227074236,0.5,1,3,2,c36d2ae7bcba011b6a7c566664ddb03e,NHL,Boston Bruins,Detroit Red Wings,2025-11-30T00:10:00Z
0.4878048780487805,0.5555555555555556,2.926829268292683,3.333333333333333,3.333333333333333,2.926829268292683,0.15,0.4878048780487805,0.4878048780487805,0.5555555555555556,0.5378048780487805,0.5055555555555555,0.5,-0.1219512195121952,0.5555555555555558,0.0,0.0,0.0,0.0,0.0,0.0,0.4878048780487805,0.0,0.0,0.0,0.4878048780487805,0.5,0,2,5,42bbc25e563dfe048cd60b2acd51a4ca,NHL,Nashville Predators,Winnipeg Jets,2025-11-30T00:10:00Z
0.5833333333333334,0.4545454545454545,3.208333333333333,2.5,2.5,3.208333333333333,-0.15,0.5833333333333334,0.5833333333333334,0.4545454545454545,0.6333333333333334,0.4045454545454545,0.5,0.8333333333333337,-0.4545454545454547,0.0,0.0,0.0,0.0,0.0,0.0,0.5833333333333334,0.0,0.0,0.0,0.5833333333333334,0.5,0,3,5,f84033b9320c58d2cb876fbae02af45e,NHL,New Jersey Devils,Philadelphia Flyers,2025-11-30T00:10:00Z
0.5238095238095238,0.5238095238095238,3.404761904761905,3.404761904761905,3.404761904761905,3.404761904761905,-0.15,0.5238095238095238,0.5238095238095238,0.5238095238095238,0.5738095238095239,0.4738095238095238,0.5,0.2380952380952383,0.2380952380952383,0.0,0.0,0.0,0.0,0.0,0.0,0.5238095238095238,0.0,0.0,0.0,0.5238095238095238,0.5,0,2,7,c13f3950e0400d8cc477798f463faeb2,NHL,Pittsburgh Penguins,Toronto Maple Leafs,2025-11-30T00:10:00Z
0.5833333333333334,0.4545454545454545,3.5,2.727272727272727,2.727272727272727,3.5,-0.15,0.5833333333333334,0.5833333333333334,0.4545454545454545,0.6333333333333334,0.4045454545454545,0.5,0.8333333333333337,-0.4545454545454547,0.0,0.0,0.0,0.0,0.0,0.0,0.5833333333333334,0.0,0.0,0.0,0.5833333333333334,0.5,0,2,3,d2d6a4694f3ae611886392beba97b74a,NHL,Minnesota Wild,Buffalo Sabres,2025-11-30T01:10:00Z
0.5121951219512195,0.5348837209302325,2.817073170731708,2.941860465116279,2.941860465116279,2.817073170731708,0.15,0.5121951219512195,0.5121951219512195,0.5348837209302325,0.5621951219512196,0.4848837209302325,0.5,0.1219512195121952,0.3488372093023251,0.0,0.0,0.0,0.0,0.0,0.0,0.5121951219512195,0.0,0.0,0.0,0.5121951219512195,0.5,1,1,0,11da092b022b330323d82a44a87e8e9f,NHL,St Louis Blues,Utah Mammoth,2025-11-30T01:10:00Z
0.6226415094339622,0.4132231404958678,3.735849056603773,2.479338842975207,2.479338842975207,3.735849056603773,-0.15,0.6226415094339622,0.6226415094339622,0.4132231404958678,0.6726415094339623,0.3632231404958678,0.5,1.2264150943396224,-0.8677685950413222,0.0,0.0,0.0,0.0,0.0,0.0,0.6226415094339622,0.0,0.0,0.0,0.6226415094339622,0.5,1,2,1,0e6ad7a5bb1e9861ea08e9a54f296f3a,NHL,Los Angeles Kings,Vancouver Canucks,2025-11-30T03:10:00Z
0.7674418604651163,0.2702702702702703,4.988372093023256,1.7567567567567568,1.7567567567567568,4.988372093023256,-0.15,0.7674418604651163,0.7674418604651163,0.2702702702702703,0.8174418604651164,0.2202702702702703,0.5,2.674418604651163,-2.2972972972972974,0.0,0.0,0.0,0.0,0.0,0.0,0.7674418604651163,0.0,0.0,0.0,0.7674418604651163,0.5,1,4,3,2c0876325c587e5efffc9eefee08b76e,NHL,Vegas Golden Knights,San Jose Sharks,2025-11-30T03:10:00Z
0.5,0.5454545454545454,3.0,3.2727272727272725,3.2727272727272725,3.0,-0.15,0.5,0.5,0.5454545454545454,0.55,0.4954545454545454,0.5,0.0,0.4545454545454541,0.0,0.0,0.0,0.0,0.0,0.0,0.5,0.0,0.0,0.0,0.5,0.5,0,1,4,1550b54085845f9879555a490f489d52,NHL,New York Islanders,Washington Capitals,2025-11-30T18:10:00Z
0.5,0.5454545454545454,3.25,3.545454545454545,3.545454545454545,3.25,0.15,0.5,0.5,0.5454545454545454,0.55,0.4954545454545454,0.5,0.0,0.4545454545454541,0.0,0.0,0.0,0.0,0.0,0.0,0.5,0.0,0.0,0.0,0.5,0.5,1,5,3,5b116d891771ebd029fb1bce9bb42f9b,NHL,Chicago Blackhawks,Anaheim Ducks,2025-11-30T20:40:00Z
0.7183098591549296,0.3174603174603174,4.309859154929578,1.9047619047619049,1.9047619047619049,4.309859154929578,-0.15,0.7183098591549296,0.7183098591549296,0.3174603174603174,0.7683098591549297,0.2674603174603174,0.5,2.183098591549296,-1.8253968253968256,0.0,0.0,0.0,0.0,0.0,0.0,0.7183098591549296,0.0,0.0,0.0,0.7183098591549296,0.5,1,1,0,622050de86d58fd0c2b01d725dc6cb9f,NHL,Carolina Hurricanes,Calgary Flames,2025-11-30T22:10:00Z
0.6,0.4366812227074236,3.3,2.4017467248908297,2.4017467248908297,3.3,-0.15,0.6,0.6,0.4366812227074236,0.65,0.3866812227074236,0.5,0.9999999999999998,-0.633187772925764,0.0,0.0,0.0,0.0,0.0,0.0,0.6,0.0,0.0,0.0,0.6,0.5,1,6,1,694762471be5a7ac762ad4a079383dcb,NHL,Dallas Stars,Ottawa Senators,2025-11-30T23:10:00Z
0.6666666666666666,0.3703703703703703,29.666666666666664,16.48148148148148,16.48148148148148,29.666666666666664,-0.35,0.6666666666666666,0.6666666666666666,0.3703703703703703,0.7166666666666667,0.3203703703703703,0.5,1.6666666666666663,-1.2962962962962965,0.0,0.0,0.0,0.0,0.0,0.0,0.6666666666666666,0.0,0.0,0.0,0.6666666666666666,0.5,1,20,17,c0d324e29ce58b36bdc77564f7aae56f,NFL,Tampa Bay Buccaneers,Arizona Cardinals,2025-11-30T18:00:00Z
0.4444444444444444,0.5918367346938775,17.333333333333332,23.081632653061224,23.081632653061224,17.333333333333332,0.25,0.4444444444444444,0.4444444444444444,0.5918367346938775,0.4944444444444444,0.5418367346938775,0.5,-0.5555555555555558,0.9183673469387754,0.0,0.0,0.0,0.0,0.0,0.0,0.4444444444444444,0.0,0.0,0.0,0.4444444444444444,0.5,1,27,24,9da608f5bdae527b280abd61e47a110b,NFL,New York Jets,Atlanta Falcons,2025-11-30T18:00:00Z
0.1886792452830188,0.8620689655172413,8.49056603773585,38.79310344827586,38.79310344827586,8.49056603773585,1.0,0.1886792452830188,0.1886792452830188,0.8620689655172413,0.2386792452830188,0.8120689655172413,0.5,-3.113207547169812,3.620689655172413,0.0,0.0,0.0,0.0,0.0,0.0,0.1886792452830188,0.0,0.0,0.0,0.1886792452830188,0.5,1,31,28,67e51d17848485bed8737bd7043a275a,NFL,Carolina Panthers,Los Angeles Rams,2025-11-30T18:00:00Z
0.3174603174603174,0.7222222222222222,11.269841269841269,25.63888888888889,25.63888888888889,11.269841269841269,0.55,0.3174603174603174,0.3174603174603174,0.7222222222222222,0.3674603174603174,0.6722222222222222,0.5,-1.8253968253968256,2.2222222222222223,0.0,0.0,0.0,0.0,0.0,0.0,0.3174603174603174,0.0,0.0,0.0,0.3174603174603174,0.5,1,8,26,36fcf5ca155a5dcd2f7a87fd2a985b02,NFL,Cleveland Browns,San Francisco 49ers,2025-11-30T18:00:00Z
0.6296296296296297,0.4081632653061224,27.703703703703702,17.95918367346939,17.95918367346939,27.703703703703702,-0.3,0.6296296296296297,0.6296296296296297,0.4081632653061224,0.6796296296296297,0.3581632653061224,0.5,1.2962962962962965,-0.9183673469387754,0.0,0.0,0.0,0.0,0.0,0.0,0.6296296296296297,0.0,0.0,0.0,0.6296296296296297,0.5,0,16,20,fa46c661007f5f0cbbf6abf939ac9d51,NFL,Indianapolis Colts,Houston Texans,2025-11-30T18:00:00Z
0.3125,0.7297297297297297,13.125,30.64864864864865,30.64864864864865,13.125,0.55,0.3125,0.3125,0.7297297297297297,0.3625,0.6797297297297297,0.5,-1.875,2.2972972972972974,0.0,0.0,0.0,0.0,0.0,0.0,0.3125,0.0,0.0,0.0,0.3125,0.5,1,3,25,61e1e459b2ddafd43e8808d4f40c01d9,NFL,Tennessee Titans,Jacksonville Jaguars,2025-11-30T18:00:00Z
0.7142857142857143,0.3225806451612903,30.0,13.548387096774194,13.548387096774194,30.0,-0.5,0.7142857142857143,0.7142857142857143,0.3225806451612903,0.7642857142857143,0.2725806451612903,0.5,2.1428571428571432,-1.774193548387097,0.0,0.0,0.0,0.0,0.0,0.0,0.7142857142857143,0.0,0.0,0.0,0.7142857142857143,0.5,1,21,17,e3c9bfba57bbe784481d881ea3b4519d,NFL,Miami Dolphins,New Orleans Saints,2025-11-30T18:00:00Z
0.8947368421052632,0.1538461538461538,36.68421052631579,6.307692307692308,6.307692307692308,36.68421052631579,-1.15,0.8947368421052632,0.8947368421052632,0.1538461538461538,0.9447368421052632,0.1038461538461538,0.5,3.947368421052632,-3.4615384615384617,0.0,0.0,0.0,0.0,0.0,0.0,0.8947368421052632,0.0,0.0,0.0,0.8947368421052632,0.5,1,26,0,6f956074c4df48e7b07a3286a6c6ed2a,NFL,Seattle Seahawks,Minnesota Vikings,2025-11-30T21:05:00Z
0.4166666666666667,0.6226415094339622,18.958333333333336,28.33018867924528,28.33018867924528,18.958333333333336,0.3,0.4166666666666667,0.4166666666666667,0.6226415094339622,0.4666666666666667,0.5726415094339622,0.5,-0.8333333333333331,1.2264150943396224,0.0,0.0,0.0,0.0,0.0,0.0,0.4166666666666667,0.0,0.0,0.0,0.4166666666666667,0.5,1,7,26,365a766a3862bc47a5455dc3b097421e,NFL,Pittsburgh Steelers,Buffalo Bills,2025-11-30T21:25:00Z
0.8518518518518519,0.2,34.5,8.1,8.1,34.5,-0.95,0.8518518518518519,0.8518518518518519,0.2,0.901851851851852,0.15,0.5,3.5185185185185186,-3.0,0.0,0.0,0.0,0.0,0.0,0.0,0.8518518518518519,0.0,0.0,0.0,0.8518518518518519,0.5,1,31,14,76ac5a8d2c8679ae6ea8861114791bd8,NFL,Los Angeles Chargers,Las Vegas Raiders,2025-11-30T21:25:00Z
0.2941176470588235,0.7435897435897436,12.647058823529411,31.97435897435897,31.97435897435897,12.647058823529411,0.6,0.2941176470588235,0.2941176470588235,0.7435897435897436,0.3441176470588235,0.6935897435897436,0.5,-2.0588235294117645,2.435897435897436,0.0,0.0,0.0,0.0,0.0,0.0,0.2941176470588235,0.0,0.0,0.0,0.2941176470588235,0.5,0,26,27,9c040de8f1dfc3ddee20e0d65c9402de,NFL,Washington Commanders,Denver Broncos,2025-12-01T01:20:00Z
0.9176954732510288,0.1739130434782608,141.78395061728395,26.869565217391305,26.869565217391305,141.78395061728395,-0.45,0.9176954732510288,0.9176954732510288,0.1739130434782608,0.9676954732510288,0.1239130434782608,0.5,4.176954732510288,-3.260869565217392,0.0,0.0,0.0,0.0,0.0,0.0,0.9176954732510288,0.0,0.0,0.0,0.9176954732510288,0.5,1,77,69,8213e81eb577bf708a4c420f54d7e084,NCAAB,Utah Tech Trailblazers,UC Riverside Highlanders,2025-11-29T22:01:19Z
0.0384615384615384,0.998003992015968,100.0,100.0,100.0,100.0,0.85,0.0384615384615384,0.0384615384615384,0.998003992015968,0.0884615384615384,0.948003992015968,0.5,-4.615384615384616,4.98003992015968,0.0,0.0,0.0,0.0,0.0,0.0,0.0384615384615384,0.0,0.0,0.0,0.0384615384615384,0.5,0,77,83,0a5b6a001c0b1c6a52ed198a50856c15,NCAAB,Eastern Kentucky Colonels,Wofford Terriers,2025-11-29T22:02:23Z
0.5,0.5,79.25,79.25,79.25,79.25,-1.25,0.5,0.5,0.5,0.55,0.45,0.5,0.0,0.0,0.0,0.0,0.0,0.0,0.0,0.0,0.5,0.0,0.0,0.0,0.5,0.5,1,83,69,54f3ae7a3b10f20d98d837eb7ed6bbf0,NCAAB,CSU Fullerton Titans,Pepperdine Waves,2025-11-29T22:05:00Z
0.2040816326530612,0.8773006134969326,27.857142857142858,119.75153374233128,119.75153374233128,27.857142857142858,0.75,0.2040816326530612,0.2040816326530612,0.8773006134969326,0.2540816326530612,0.8273006134969325,0.5,-2.959183673469388,3.7730061349693256,0.0,0.0,0.0,0.0,0.0,0.0,0.2040816326530612,0.0,0.0,0.0,0.2040816326530612,0.5,0,53,71,6b4a21096aa0f3cc8ef572c7e6b78e14,NCAAB,Canisius Golden Griffins,Buffalo Bulls,2025-11-29T23:00:00Z
0.99009900990099,0.0294117647058823,148.01980198019805,4.397058823529412,4.397058823529412,148.01980198019805,-3.15,0.99009900990099,0.99009900990099,0.0294117647058823,1.0,0.0,0.5,4.900990099009901,-4.705882352941177,0.0,0.0,0.0,0.0,0.0,0.0,0.99009900990099,0.0,0.0,0.0,0.99009900990099,0.5,1,90,59,e524878e7821a87dd2a64a3e1eadb20b,NCAAB,Penn State Nittany Lions,Sacred Heart Pioneers,2025-11-29T23:00:00Z
0.900990099009901,0.1538461538461538,150.46534653465346,25.692307692307693,25.692307692307693,150.46534653465346,-1.25,0.900990099009901,0.900990099009901,0.1538461538461538,0.9509900990099012,0.1038461538461538,0.5,4.00990099009901,-3.4615384615384617,0.0,0.0,0.0,0.0,0.0,0.0,0.900990099009901,0.0,0.0,0.0,0.900990099009901,0.5,0,105,81,7da777d6beaa672e7c692a3154804a7f,NCAAB,Akron Zips,Milwaukee Panthers,2025-11-30T00:00:00Z
0.7101449275362319,0.3333333333333333,108.29710144927536,50.83333333333333,50.83333333333333,108.29710144927536,-0.55,0.7101449275362319,0.7101449275362319,0.3333333333333333,0.760144927536232,0.2833333333333333,0.5,2.10144927536232,-1.666666666666667,0.0,0.0,0.0,0.0,0.0,0.0,0.7101449275362319,0.0,0.0,0.0,0.7101449275362319,0.5,1,96,63,6e925bd392a204e2c5aaf64009fe189a,NCAAB,LSU Tigers,DePaul Blue Demons,2025-11-30T00:00:00Z
0.9176954732510288,0.1428571428571428,129.8539094650206,20.21428571428571,20.21428571428571,129.8539094650206,-1.35,0.9176954732510288,0.9176954732510288,0.1428571428571428,0.9676954732510288,0.0928571428571428,0.5,4.176954732510288,-3.571428571428572,0.0,0.0,0.0,0.0,0.0,0.0,0.9176954732510288,0.0,0.0,0.0,0.9176954732510288,0.5,1,74,65,aad1d0fa3e49900e5ba547d1b6b1ec7b,NCAAB,Southern Illinois Salukis,Arkansas-Little Rock Trojans,2025-11-30T00:07:00Z
0.7222222222222222,0.3225806451612903,99.30555555555556,44.354838709677416,44.354838709677416,99.30555555555556,-0.55,0.7222222222222222,0.7222222222222222,0.3225806451612903,0.7722222222222223,0.2725806451612903,0.5,2.2222222222222223,-1.774193548387097,0.0,0.0,0.0,0.0,0.0,0.0,0.7222222222222222,0.0,0.0,0.0,0.7222222222222222,0.5,1,88,68,8204322c3997f7de7ac11d4ce554fe2c,NCAAB,Fordham Rams,Albany Great Danes,2025-11-30T00:30:17Z
0.5475113122171946,0.5073891625615764,75.55656108597286,70.01970443349754,70.01970443349754,75.55656108597286,-0.1,0.5475113122171946,0.5475113122171946,0.5073891625615764,0.5975113122171947,0.4573891625615764,0.5,0.4751131221719462,0.073891625615764,0.0,0.0,0.0,0.0,0.0,0.0,0.5475113122171946,0.0,0.0,0.0,0.5475113122171946,0.5,0,69,75,89ed2aa4209a18c76cdde2da1ae0b4cf,NCAAB,Oregon St Beavers,Cal Baptist Lancers,2025-11-30T03:00:00Z
0.8518518518518519,0.1904761904761904,125.22222222222224,28.0,28.0,125.22222222222224,-1.1,0.8518518518518519,0.8518518518518519,0.1904761904761904,0.901851851851852,0.1404761904761904,0.5,3.5185185185185186,-3.095238095238096,0.0,0.0,0.0,0.0,0.0,0.0,0.8518518518518519,0.0,0.0,0.0,0.8518518518518519,0.5,1,68,54,1c9e41bb1e5e623e6b8e9794e5669ef4,NCAAB,Pacific Tigers,Sacramento St Hornets,2025-11-30T03:00:00Z
0.425531914893617,0.6363636363636364,62.765957446808514,93.86363636363636,93.86363636363636,62.765957446808514,0.35,0.425531914893617,0.425531914893617,0.6363636363636364,0.475531914893617,0.5863636363636363,0.5,-0.7446808510638298,1.3636363636363635,0.0,0.0,0.0,0.0,0.0,0.0,0.425531914893617,0.0,0.0,0.0,0.425531914893617,0.5,0,58,60,9071a3648235323d38e2b74d1adc25a3,NCAAB,Princeton Tigers,Saint Joseph's Hawks,2025-11-30T18:00:00Z
0.6153846153846154,0.4347826086956521,86.46153846153847,61.086956521739125,61.086956521739125,86.46153846153847,-0.3,0.6153846153846154,0.6153846153846154,0.4347826086956521,0.6653846153846155,0.3847826086956522,0.5,1.1538461538461542,-0.6521739130434784,0.0,0.0,0.0,0.0,0.0,0.0,0.6153846153846154,0.0,0.0,0.0,0.6153846153846154,0.5,1,67,55,0d30c737fbe372d74bad9cb3eb7c92fc,NCAAB,UNC Asheville Bulldogs,Appalachian St Mountaineers,2025-11-30T18:30:00Z
0.7894736842105263,0.2564102564102564,123.55263157894736,40.12820512820512,40.12820512820512,123.55263157894736,-0.85,0.7894736842105263,0.7894736842105263,0.2564102564102564,0.8394736842105264,0.2064102564102564,0.5,2.894736842105264,-2.435897435897436,0.0,0.0,0.0,0.0,0.0,0.0,0.7894736842105263,0.0,0.0,0.0,0.7894736842105263,0.5,0,64,70,759b93990a3a549914baca8b9c32a36a,NCAAB,Chattanooga Mocs,Tennessee St Tigers,2025-11-30T19:00:00Z
0.7142857142857143,0.3333333333333333,115.35714285714286,53.83333333333333,53.83333333333333,115.35714285714286,-0.65,0.7142857142857143,0.7142857142857143,0.3333333333333333,0.7642857142857143,0.2833333333333333,0.5,2.1428571428571432,-1.666666666666667,0.0,0.0,0.0,0.0,0.0,0.0,0.7142857142857143,0.0,0.0,0.0,0.7142857142857143,0.5,1,88,75,efb078749eb3570784df0602964a8f5a,NCAAB,William & Mary Tribe,Old Dominion Monarchs,2025-11-30T19:00:00Z
0.4761904761904761,0.574468085106383,65.95238095238095,79.56382978723406,79.56382978723406,65.95238095238095,0.15,0.4761904761904761,0.4761904761904761,0.574468085106383,0.5261904761904762,0.524468085106383,0.5,-0.2380952380952383,0.7446808510638303,0.0,0.0,0.0,0.0,0.0,0.0,0.4761904761904761,0.0,0.0,0.0,0.4761904761904761,0.5,0,58,82,83906e867dd1fced0dfbcd031eb1bb52,NCAAB,UTSA Roadrunners,South Alabama Jaguars,2025-11-30T19:00:00Z
0.2857142857142857,0.7647058823529411,44.14285714285714,118.1470588235294,118.1470588235294,44.14285714285714,0.65,0.2857142857142857,0.2857142857142857,0.7647058823529411,0.3357142857142857,0.7147058823529411,0.5,-2.1428571428571432,2.6470588235294112,0.0,0.0,0.0,0.0,0.0,0.0,0.2857142857142857,0.0,0.0,0.0,0.2857142857142857,0.5,0,74,77,cb31ce9b01242bfa12fa577577087c88,NCAAB,Vermont Catamounts,Yale Bulldogs,2025-11-30T19:00:00Z
0.99009900990099,0.0384615384615384,128.21782178217822,4.980769230769231,4.980769230769231,128.21782178217822,-2.35,0.99009900990099,0.99009900990099,0.0384615384615384,1.0,0.0,0.5,4.900990099009901,-4.615384615384616,0.0,0.0,0.0,0.0,0.0,0.0,0.99009900990099,0.0,0.0,0.0,0.99009900990099,0.5,1,70,38,40000fab197ef720b85eed6761ddd598,NCAAB,West Virginia Mountaineers,Mercyhurst Lakers,2025-11-30T20:00:00Z
0.967741935483871,0.074074074074074,146.61290322580646,11.22222222222222,11.22222222222222,146.61290322580646,-1.95,0.967741935483871,0.967741935483871,0.074074074074074,1.0,0.024074074074074,0.5,4.67741935483871,-4.25925925925926,0.0,0.0,0.0,0.0,0.0,0.0,0.967741935483871,0.0,0.0,0.0,0.967741935483871,0.5,1,76,72,9bf4dcafab589ee088bf1f1079e59143,NCAAB,Texas Tech Red Raiders,Wyoming Cowboys,2025-11-30T20:00:00Z
0.7777777777777778,0.2777777777777778,108.5,38.75,38.75,108.5,-0.7,0.7777777777777778,0.7777777777777778,0.2777777777777778,0.8277777777777778,0.2277777777777778,0.5,2.7777777777777777,-2.2222222222222223,0.0,0.0,0.0,0.0,0.0,0.0,0.7777777777777778,0.0,0.0,0.0,0.7777777777777778,0.5,1,67,60,c5ba5350355a252be1041a1552a93f11,NCAAB,Coastal Carolina Chanticleers,Alabama A&M Bulldogs,2025-11-30T20:30:00Z
0.425531914893617,0.6226415094339622,66.59574468085107,97.44339622641508,97.44339622641508,66.59574468085107,0.35,0.425531914893617,0.425531914893617,0.6226415094339622,0.475531914893617,0.5726415094339622,0.5,-0.7446808510638298,1.2264150943396224,0.0,0.0,0.0,0.0,0.0,0.0,0.425531914893617,0.0,0.0,0.0,0.425531914893617,0.5,0,73,96,670c2a5a3b39c16a2ffb62aea9737270,NCAAB,Charleston Cougars,Belmont Bruins,2025-11-30T20:30:00Z
0.6551724137931034,0.392156862745098,96.63793103448276,57.84313725490196,57.84313725490196,96.63793103448276,-0.45,0.6551724137931034,0.6551724137931034,0.392156862745098,0.7051724137931035,0.342156862745098,0.5,1.5517241379310345,-1.0784313725490198,0.0,0.0,0.0,0.0,0.0,0.0,0.6551724137931034,0.0,0.0,0.0,0.6551724137931034,0.5,0,65,70,34b9d341629446a5aa774d9b9ad5d4c4,NCAAB,Florida Atlantic Owls,St. Bonaventure Bonnies,2025-11-30T20:30:00Z
0.9473684210526316,0.0869565217391304,131.21052631578948,12.043478260869565,12.043478260869565,131.21052631578948,-1.5,0.9473684210526316,0.9473684210526316,0.0869565217391304,0.9973684210526316,0.0369565217391304,0.5,4.473684210526315,-4.130434782608695,0.0,0.0,0.0,0.0,0.0,0.0,0.9473684210526316,0.0,0.0,0.0,0.9473684210526316,0.5,1,72,69,d87754e170cc9b2cebee202b6912c23b,NCAAB,North Texas Mean Green,Prairie View Panthers,2025-11-30T21:00:00Z
0.7777777777777778,0.2777777777777778,106.16666666666669,37.91666666666667,37.91666666666667,106.16666666666669,-0.7,0.7777777777777778,0.7777777777777778,0.2777777777777778,0.8277777777777778,0.2277777777777778,0.5,2.7777777777777777,-2.2222222222222223,0.0,0.0,0.0,0.0,0.0,0.0,0.7777777777777778,0.0,0.0,0.0,0.7777777777777778,0.5,1,69,41,f822b495aea65100ce55ad0762be782b,NCAAB,Presbyterian Blue Hose,The Citadel Bulldogs,2025-11-30T21:00:00Z
0.8620689655172413,0.1818181818181818,128.01724137931035,27.0,27.0,128.01724137931035,-1.05,0.8620689655172413,0.8620689655172413,0.1818181818181818,0.9120689655172414,0.1318181818181818,0.5,3.620689655172413,-3.1818181818181817,0.0,0.0,0.0,0.0,0.0,0.0,0.8620689655172413,0.0,0.0,0.0,0.8620689655172413,0.5,0,71,76,e67d5f931079f5719ea0556de5c4ee4e,NCAAB,Fresno St Bulldogs,CSU Bakersfield Roadrunners,2025-11-30T22:00:00Z
0.4761904761904761,0.574468085106383,72.61904761904762,87.60638297872342,87.60638297872342,72.61904761904762,0.15,0.4761904761904761,0.4761904761904761,0.574468085106383,0.5261904761904762,0.524468085106383,0.5,-0.2380952380952383,0.7446808510638303,0.0,0.0,0.0,0.0,0.0,0.0,0.4761904761904761,0.0,0.0,0.0,0.4761904761904761,0.5,1,76,72,37ab7144837e1f0a17751575238094fe,NCAAB,Long Beach St 49ers,San Diego Toreros,2025-11-30T22:00:00Z
0.5,0.5454545454545454,67.75,73.9090909090909,73.9090909090909,67.75,0.15,0.5,0.5,0.5454545454545454,0.55,0.4954545454545454,0.5,0.0,0.4545454545454541,0.0,0.0,0.0,0.0,0.0,0.0,0.5,0.0,0.0,0.0,0.5,0.5,0,63,72,750a96d5cc3955d0b7142da710d86018,NCAAB,San José St Spartans,UC Irvine Anteaters,2025-11-30T22:00:00Z
0.9,0.1428571428571428,125.55,19.928571428571427,19.928571428571427,125.55,-1.15,0.9,0.9,0.1428571428571428,0.95,0.0928571428571428,0.5,4.0,-3.571428571428572,0.0,0.0,0.0,0.0,0.0,0.0,0.9,0.0,0.0,0.0,0.9,0.5,1,95,84,606e4089775742fd5cfc8595046673d2,NCAAB,Loyola (MD) Greyhounds,Coppin St Eagles,2025-11-30T23:00:00Z
0.0294117647058823,0.99009900990099,2.2205882352941178,74.75247524752476,74.75247524752476,2.2205882352941178,1.65,0.0294117647058823,0.0294117647058823,0.99009900990099,0.0794117647058823,0.94009900990099,0.5,-4.705882352941177,4.900990099009901,0.0,0.0,0.0,0.0,0.0,0.0,0.0294117647058823,0.0,0.0,0.0,0.0294117647058823,0.5,0,24,45,8ff0041fc39ed3aaabd78295aaa44ccc,NCAAF,Tennessee Volunteers,Vanderbilt Commodores,2025-11-29T16:45:00Z
0.8888888888888888,0.1739130434782608,27.11111111111111,5.304347826086956,5.304347826086956,27.11111111111111,-0.35,0.8888888888888888,0.8888888888888888,0.1739130434782608,0.9388888888888888,0.1239130434782608,0.5,3.888888888888888,-3.260869565217392,0.0,0.0,0.0,0.0,0.0,0.0,0.8888888888888888,0.0,0.0,0.0,0.8888888888888888,0.5,1,17,13,fca43c84b575e6d2a974da994e1ca32f,NCAAF,Oklahoma Sooners,LSU Tigers,2025-11-29T16:47:00Z
0.9565217391304348,0.0952380952380952,74.1304347826087,7.3809523809523805,7.3809523809523805,74.1304347826087,-1.45,0.9565217391304348,0.9565217391304348,0.0952380952380952,1.0,0.0452380952380952,0.5,4.565217391304348,-4.047619047619048,0.0,0.0,0.0,0.0,0.0,0.0,0.9565217391304348,0.0,0.0,0.0,0.9565217391304348,0.5,1,45,23,8e6c3c00b853707c6c0ced7e96ff80eb,NCAAF,TCU Horned Frogs,Cincinnati Bearcats,2025-11-29T16:49:00Z
0.5,0.5,24.25,24.25,24.25,24.25,1.45,0.5,0.5,0.5,0.55,0.45,0.5,0.0,0.0,0.0,0.0,0.0,0.0,0.0,0.0,0.5,0.0,0.0,0.0,0.5,0.5,0,17,31,c90e85208735f83419bdd9fafea09515,NCAAF,Arkansas Razorbacks,Missouri Tigers,2025-11-29T16:50:00Z
0.99009900990099,0.0344827586206896,73.76237623762376,2.5689655172413794,2.5689655172413794,73.76237623762376,-0.85,0.99009900990099,0.99009900990099,0.0344827586206896,1.0,0.0,0.5,4.900990099009901,-4.655172413793103,0.0,0.0,0.0,0.0,0.0,0.0,0.99009900990099,0.0,0.0,0.0,0.99009900990099,0.5,1,49,32,bf37e86fb31ad838e265fe2d48f4ebee,NCAAF,Duke Blue Devils,Wake Forest Demon Deacons,2025-11-29T16:52:00Z
0.84,0.2272727272727272,49.14,13.295454545454543,13.295454545454543,49.14,-0.65,0.84,0.84,0.2272727272727272,0.89,0.1772727272727272,0.5,3.3999999999999995,-2.727272727272727,0.0,0.0,0.0,0.0,0.0,0.0,0.84,0.0,0.0,0.0,0.84,0.5,1,40,21,48712c446fe47c5fa3e18038bdd703e8,NCAAF,Florida Gators,Florida State Seminoles,2025-11-29T16:59:00Z
0.1538461538461538,0.9090909090909092,8.538461538461538,50.45454545454545,50.45454545454545,8.538461538461538,0.65,0.1538461538461538,0.1538461538461538,0.9090909090909092,0.2038461538461538,0.859090909090909,0.5,-3.4615384615384617,4.090909090909091,0.0,0.0,0.0,0.0,0.0,0.0,0.1538461538461538,0.0,0.0,0.0,0.1538461538461538,0.5,0,24,31,e050c8ec35a8408df75a681edd27d65c,NCAAF,New Mexico State Aggies,Middle Tennessee Blue Raiders,2025-11-29T20:02:47Z
0.2941176470588235,0.7727272727272727,15.147058823529411,39.79545454545455,39.79545454545455,15.147058823529411,0.25,0.2941176470588235,0.2941176470588235,0.7727272727272727,0.3441176470588235,0.7227272727272727,0.5,-2.0588235294117645,2.727272727272727,0.0,0.0,0.0,0.0,0.0,0.0,0.2941176470588235,0.0,0.0,0.0,0.2941176470588235,0.5,0,24,27,13dee23ac75967bb3de963098e51b050,NCAAF,UTSA Roadrunners,Army Black Knights,2025-11-29T20:30:00Z
0.0476190476190476,0.99009900990099,100.0,100.0,100.0,100.0,0.45,0.0476190476190476,0.0476190476190476,0.99009900990099,0.0976190476190476,0.94009900990099,0.5,-4.523809523809524,4.900990099009901,0.0,0.0,0.0,0.0,0.0,0.0,0.0476190476190476,0.0,0.0,0.0,0.0476190476190476,0.5,0,36,40,73c36d76de852e49c6d45b557ce30928,NCAAF,Rutgers Scarlet Knights,Penn State Nittany Lions,2025-11-29T20:31:59Z
0.5555555555555556,0.5121951219512195,42.5,39.1829268292683,39.1829268292683,42.5,-0.15,0.5555555555555556,0.5555555555555556,0.5121951219512195,0.6055555555555556,0.4621951219512195,0.5,0.5555555555555558,0.1219512195121952,0.0,0.0,0.0,0.0,0.0,0.0,0.5555555555555556,0.0,0.0,0.0,0.5555555555555556,0.5,0,42,48,884dea46381785292d51d8864de287c7,NCAAF,Liberty Flames,Kennesaw State Owls,2025-11-29T20:39:16Z
0.5,0.5,23.25,23.25,23.25,23.25,1.55,0.5,0.5,0.5,0.55,0.45,0.5,0.0,0.0,0.0,0.0,0.0,0.0,0.0,0.0,0.5,0.0,0.0,0.0,0.5,0.5,0,14,26,0deeb2c4386d575a59e7437fe01d1f6f,NCAAF,Washington Huskies,Oregon Ducks,2025-11-29T20:41:02Z
0.5,0.5,34.25,34.25,34.25,34.25,4.25,0.5,0.5,0.5,0.55,0.45,0.5,0.0,0.0,0.0,0.0,0.0,0.0,0.0,0.0,0.5,0.0,0.0,0.0,0.5,0.5,0,10,59,e715dd3730c3991c2b6a7630adbcb862,NCAAF,Coastal Carolina Chanticleers,James Madison Dukes,2025-11-29T20:45:00Z
0.9,0.1612903225806451,37.35,6.693548387096774,6.693548387096774,37.35,-1.55,0.9,0.9,0.1612903225806451,0.95,0.1112903225806451,0.5,4.0,-3.387096774193549,0.0,0.0,0.0,0.0,0.0,0.0,0.9,0.0,0.0,0.0,0.9,0.5,0,32,8,db441b5da7cf49c5de57f49bff11d8ec,NCAAF,Washington State Cougars,Oregon State Beavers,2025-11-29T23:40:18Z
0.6428571428571429,0.4,31.17857142857143,19.4,19.4,31.17857142857143,-0.4,0.6428571428571429,0.6428571428571429,0.4,0.692857142857143,0.35,0.5,1.428571428571429,-0.9999999999999998,0.0,0.0,0.0,0.0,0.0,0.0,0.6428571428571429,0.0,0.0,0.0,0.6428571428571429,0.5,1,38,28,79975b63437cb1b2a9d06d3b63150977,NCAAF,Michigan State Spartans,Maryland Terrapins,2025-11-30T00:00:00Z
0.99009900990099,0.0476190476190476,56.93069306930693,2.738095238095238,2.738095238095238,56.93069306930693,-2.85,0.99009900990099,0.99009900990099,0.0476190476190476,1.0,0.0,0.5,4.900990099009901,-4.523809523809524,0.0,0.0,0.0,0.0,0.0,0.0,0.99009900990099,0.0,0.0,0.0,0.99009900990099,0.5,1,52,3,9d54a50182205f4d1c75bb7616993cf0,NCAAF,South Florida Bulls,Rice Owls,2025-11-30T00:00:00Z
0.7727272727272727,0.273972602739726,40.56818181818182,14.383561643835616,14.383561643835616,40.56818181818182,-0.85,0.7727272727272727,0.7727272727272727,0.273972602739726,0.8227272727272728,0.223972602739726,0.5,2.727272727272727,-2.26027397260274,0.0,0.0,0.0,0.0,0.0,0.0,0.7727272727272727,0.0,0.0,0.0,0.7727272727272727,0.5,0,27,7,62c8f91b581d1bcca5fb6496ec65aae7,NCAAF,Virginia Cavaliers,Virginia Tech Hokies,2025-11-30T00:01:00Z
0.303030303030303,0.7333333333333333,14.545454545454549,35.2,35.2,14.545454545454549,0.7,0.303030303030303,0.303030303030303,0.7333333333333333,0.353030303030303,0.6833333333333332,0.5,-1.9696969696969693,2.333333333333333,0.0,0.0,0.0,0.0,0.0,0.0,0.303030303030303,0.0,0.0,0.0,0.303030303030303,0.5,0,20,27,181afdc9ce2683ff7c1debad66022351,NCAAF,Auburn Tigers,Alabama Crimson Tide,2025-11-30T00:30:00Z
0.9876543209876544,0.0384615384615384,50.8641975308642,1.9807692307692308,1.9807692307692308,50.8641975308642,-3.05,0.9876543209876544,0.9876543209876544,0.0384615384615384,1.0,0.0,0.5,4.876543209876543,-4.615384615384616,0.0,0.0,0.0,0.0,0.0,0.0,0.9876543209876544,0.0,0.0,0.0,0.9876543209876544,0.5,1,27,0,5459063e0c574b3e0a15501fe3797968,NCAAF,Tulane Green Wave,Charlotte 49ers,2025-11-30T00:30:00Z
0.7222222222222222,0.3144654088050314,32.138888888888886,13.9937106918239,13.9937106918239,32.138888888888886,-0.7,0.7222222222222222,0.7222222222222222,0.3144654088050314,0.7722222222222223,0.2644654088050314,0.5,2.2222222222222223,-1.8553459119496856,0.0,0.0,0.0,0.0,0.0,0.0,0.7222222222222222,0.0,0.0,0.0,0.7222222222222222,0.5,1,20,13,ed1f7d744112bf4d7184c2a3bbb2648c,NCAAF,Illinois Fighting Illini,Northwestern Wildcats,2025-11-30T00:30:00Z
0.7333333333333333,0.3076923076923077,35.56666666666666,14.923076923076923,14.923076923076923,35.56666666666666,-0.7,0.7333333333333333,0.7333333333333333,0.3076923076923077,0.7833333333333333,0.2576923076923077,0.5,2.333333333333333,-1.923076923076923,0.0,0.0,0.0,0.0,0.0,0.0,0.7333333333333333,0.0,0.0,0.0,0.7333333333333333,0.5,1,42,19,48a0d56354caf6da69d210132615c809,NCAAF,NC State Wolfpack,North Carolina Tar Heels,2025-11-30T00:30:00Z
0.9375,0.1,54.84375,5.8500000000000005,5.8500000000000005,54.84375,-2.1,0.9375,0.9375,0.1,0.9875,0.05,0.5,4.375,-4.0,0.0,0.0,0.0,0.0,0.0,0.0,0.9375,0.0,0.0,0.0,0.9375,0.5,1,29,10,7f71f4ba886e8f1f4855dad0152ca08e,NCAAF,USC Trojans,UCLA Bruins,2025-11-30T00:30:00Z
0.2040816326530612,0.84,10.918367346938776,44.94,44.94,10.918367346938776,1.35,0.2040816326530612,0.2040816326530612,0.84,0.2540816326530612,0.7899999999999999,0.5,-2.959183673469388,3.3999999999999995,0.0,0.0,0.0,0.0,0.0,0.0,0.2040816326530612,0.0,0.0,0.0,0.2040816326530612,0.5,1,38,35,53c3b0253fe365f12e298b8b31b8f24a,NCAAF,California Golden Bears,SMU Mustangs,2025-11-30T01:02:00Z
0.2702702702702703,0.7674418604651163,14.324324324324325,40.674418604651166,40.674418604651166,14.324324324324325,0.8,0.2702702702702703,0.2702702702702703,0.7674418604651163,0.3202702702702703,0.7174418604651163,0.5,-2.2972972972972974,2.674418604651163,0.0,0.0,0.0,0.0,0.0,0.0,0.2702702702702703,0.0,0.0,0.0,0.2702702702702703,0.5,0,17,42,a8661dd205a3e868ac61c3f1c994dc7e,NCAAF,Nevada Wolf Pack,UNLV Rebels,2025-11-30T02:00:00Z
0.4065040650406504,0.6296296296296297,18.902439024390244,29.27777777777778,29.27777777777778,18.902439024390244,0.35,0.4065040650406504,0.4065040650406504,0.6296296296296297,0.4565040650406504,0.5796296296296296,0.5,-0.934959349593496,1.2962962962962965,0.0,0.0,0.0,0.0,0.0,0.0,0.4065040650406504,0.0,0.0,0.0,0.4065040650406504,0.5,0,14,41,1dbdbcf9d57952730a65559b09cc2b36,NCAAF,San Jose State Spartans,Fresno State Bulldogs,2025-11-30T03:30:00Z
0.0384615384615384,0.99009900990099,1.9230769230769231,49.50495049504951,49.50495049504951,1.9230769230769231,3.2,0.0384615384615384,0.0384615384615384,0.99009900990099,0.0884615384615384,0.94009900990099,0.5,-4.615384615384616,4.900990099009901,0.0,0.0,0.0,0.0,0.0,0.0,0.0384615384615384,0.0,0.0,0.0,0.0384615384615384,0.5,0,20,49,4e2c6842ce33619ecb4c77938e3093bc,NCAAF,Stanford Cardinal,Notre Dame Fighting Irish,2025-11-30T03:30:00Z
0.7560975609756098,0.2816901408450704,33.64634146341464,12.535211267605634,12.535211267605634,33.64634146341464,-0.7,0.7560975609756098,0.7560975609756098,0.2816901408450704,0.8060975609756098,0.2316901408450704,0.5,2.5609756097560976,-2.1830985915492955,0.0,0.0,0.0,0.0,0.0,0.0,0.7560975609756098,0.0,0.0,0.0,0.7560975609756098,0.5,0,27,7,6a888c041e81b35c741eb91824fd02c6,NCAAF,Hawaii Rainbow Warriors,Wyoming Cowboys,2025-11-30T04:00:00Z
0.7938144329896907,0.2450980392156862,184.56185567010309,56.98529411764706,56.98529411764706,184.56185567010309,-0.95,0.7938144329896907,0.7938144329896907,0.2450980392156862,0.8438144329896907,0.1950980392156862,0.5,2.9381443298969065,-2.549019607843137,0.0,0.0,0.0,0.0,0.0,0.0,0.7938144329896907,0.0,0.0,0.0,0.7938144329896907,0.5,1,99,98,3cc5570a4f110817f256cde8b347c425,NBA,Detroit Pistons,Atlanta Hawks,2025-12-02T00:10:00Z
0.392156862745098,0.6428571428571429,90.7843137254902,148.82142857142858,148.82142857142858,90.7843137254902,0.45,0.392156862745098,0.392156862745098,0.6428571428571429,0.442156862745098,0.5928571428571429,0.5,-1.0784313725490198,1.428571428571429,0.0,0.0,0.0,0.0,0.0,0.0,0.392156862745098,0.0,0.0,0.0,0.392156862745098,0.5,0,119,135,969003b40369abe44b5c2f79f8a491b7,NBA,Indiana Pacers,Cleveland Cavaliers,2025-12-02T00:10:00Z
0.2325581395348837,0.8076923076923077,54.06976744186046,187.78846153846155,187.78846153846155,54.06976744186046,1.0,0.2325581395348837,0.2325581395348837,0.8076923076923077,0.2825581395348837,0.7576923076923077,0.5,-2.674418604651163,3.076923076923077,0.0,0.0,0.0,0.0,0.0,0.0,0.2325581395348837,0.0,0.0,0.0,0.2325581395348837,0.5,1,129,126,a2fb7d9b25c10290c0ddfe4ed08d9911,NBA,Washington Wizards,Milwaukee Bucks,2025-12-02T00:12:00Z
0.7058823529411765,0.33003300330033,166.58823529411765,77.88778877887789,77.88778877887789,166.58823529411765,-0.6,0.7058823529411765,0.7058823529411765,0.33003300330033,0.7558823529411766,0.28003300330033,0.5,2.0588235294117654,-1.6996699669966997,0.0,0.0,0.0,0.0,0.0,0.0,0.7058823529411765,0.0,0.0,0.0,0.7058823529411765,0.5,1,140,123,59b66cf57192dae1adc997adf46ee380,NBA,Miami Heat,Los Angeles Clippers,2025-12-02T00:30:00Z
0.392156862745098,0.6428571428571429,89.6078431372549,146.89285714285717,146.89285714285717,89.6078431372549,0.45,0.392156862745098,0.392156862745098,0.6428571428571429,0.442156862745098,0.5928571428571429,0.5,-1.0784313725490198,1.428571428571429,0.0,0.0,0.0,0.0,0.0,0.0,0.392156862745098,0.0,0.0,0.0,0.392156862745098,0.5,1,116,103,2fbd8dae83eea6fb5c167c2fa81056ae,NBA,Brooklyn Nets,Charlotte Hornets,2025-12-02T00:40:00Z
0.7894736842105263,0.25,189.07894736842107,59.875,59.875,189.07894736842107,-0.9,0.7894736842105263,0.7894736842105263,0.25,0.8394736842105264,0.2,0.5,2.894736842105264,-2.5,0.0,0.0,0.0,0.0,0.0,0.0,0.7894736842105263,0.0,0.0,0.0,0.7894736842105263,0.5,1,125,120,b7f1b155997ec1b2844758bf4f5f3445,NBA,Orlando Magic,Chicago Bulls,2025-12-02T00:40:00Z
0.84375,0.1934235976789168,198.703125,45.55125725338491,45.55125725338491,198.703125,-1.15,0.84375,0.84375,0.1934235976789168,0.89375,0.1434235976789168,0.5,3.4375,-3.065764023210832,0.0,0.0,0.0,0.0,0.0,0.0,0.84375,0.0,0.0,0.0,0.84375,0.5,0,121,131,7a8ec1de3f6698cb4266f8acbc124561,NBA,Denver Nuggets,Dallas Mavericks,2025-12-02T02:10:00Z
0.1851851851851851,0.8529411764705882,43.33333333333333,199.58823529411765,199.58823529411765,43.33333333333333,1.1,0.1851851851851851,0.1851851851851851,0.8529411764705882,0.2351851851851851,0.8029411764705882,0.5,-3.1481481481481484,3.5294117647058822,0.0,0.0,0.0,0.0,0.0,0.0,0.1851851851851851,0.0,0.0,0.0,0.1851851851851851,0.5,1,133,125,1eb6fa928977c91a8de9a270964c7503,NBA,Utah Jazz,Houston Rockets,2025-12-02T02:10:00Z
0.6666666666666666,0.3703703703703703,156.66666666666666,87.03703703703704,87.03703703703704,156.66666666666666,-0.5,0.6666666666666666,0.6666666666666666,0.3703703703703703,0.7166666666666667,0.3203703703703703,0.5,1.6666666666666663,-1.2962962962962965,0.0,0.0,0.0,0.0,0.0,0.0,0.6666666666666666,0.0,0.0,0.0,0.6666666666666666,0.5,0,108,125,5cc0919657cd7dabe2c7b24c5ecf0373,NBA,Los Angeles Lakers,Phoenix Suns,2025-12-02T03:10:00Z
0.5918367346938775,0.4444444444444444,3.846938775510204,2.888888888888889,2.888888888888889,3.846938775510204,-0.15,0.5918367346938775,0.5918367346938775,0.4444444444444444,0.6418367346938776,0.3944444444444444,0.5,0.9183673469387754,-0.5555555555555558,0.0,0.0,0.0,0.0,0.0,0.0,0.5918367346938775,0.0,0.0,0.0,0.5918367346938775,0.5,0,3,5,bec9dd037dbf504a82ce2b73e7cbf129,NHL,New Jersey Devils,Columbus Blue Jackets,2025-12-02T00:00:00Z
0.5652173913043478,0.4761904761904761,3.391304347826087,2.8571428571428568,2.8571428571428568,3.391304347826087,-0.15,0.5652173913043478,0.5652173913043478,0.4761904761904761,0.6152173913043478,0.4261904761904762,0.5,0.6521739130434778,-0.2380952380952383,0.0,0.0,0.0,0.0,0.0,0.0,0.5652173913043478,0.0,0.0,0.0,0.5652173913043478,0.5,0,1,5,6254f7192ab58b12dc30a8cbbe7c94ce,NHL,Philadelphia Flyers,Pittsburgh Penguins,2025-12-02T00:00:00Z
0.5348837209302325,0.5121951219512195,3.476744186046511,3.3292682926829267,3.3292682926829267,3.476744186046511,-0.15,0.5348837209302325,0.5348837209302325,0.5121951219512195,0.5848837209302326,0.4621951219512195,0.5,0.3488372093023251,0.1219512195121952,0.0,0.0,0.0,0.0,0.0,0.0,0.5348837209302325,0.0,0.0,0.0,0.5348837209302325,0.5,1,5,1,18b0870d3e0dfcc54b43e08cda1aeefd,NHL,Buffalo Sabres,Winnipeg Jets,2025-12-02T00:30:00Z
0.5833333333333334,0.4545454545454545,3.5,2.727272727272727,2.727272727272727,3.5,-0.15,0.5833333333333334,0.5833333333333334,0.4545454545454545,0.6333333333333334,0.4045454545454545,0.5,0.8333333333333337,-0.4545454545454547,0.0,0.0,0.0,0.0,0.0,0.0,0.5833333333333334,0.0,0.0,0.0,0.5833333333333334,0.5,0,1,4,eb73d21c0dc7d90997d6ca92e92ae471,NHL,St Louis Blues,Anaheim Ducks,2025-12-02T01:00:00Z
0.4132231404958678,0.6226415094339622,2.272727272727273,3.4245283018867925,3.4245283018867925,2.272727272727273,0.15,0.4132231404958678,0.4132231404958678,0.6226415094339622,0.4632231404958677,0.5726415094339622,0.5,-0.8677685950413222,1.2264150943396224,0.0,0.0,0.0,0.0,0.0,0.0,0.4132231404958678,0.0,0.0,0.0,0.4132231404958678,0.5,1,6,3,6ae7364b8ba48aeb54053e31ec17198d,NHL,San Jose Sharks,Utah Mammoth,2025-12-02T03:00:00Z
0.7777777777777778,0.2666666666666666,36.55555555555556,12.533333333333331,12.533333333333331,36.55555555555556,-0.7,0.7777777777777778,0.7777777777777778,0.2666666666666666,0.8277777777777778,0.2166666666666666,0.5,2.7777777777777777,-2.333333333333333,0.0,0.0,0.0,0.0,0.0,0.0,0.7777777777777778,0.0,0.0,0.0,0.7777777777777778,0.5,1,33,15,3e65786eddd4c7aee9e7f2504f6fdedc,NFL,New England Patriots,New York Giants,2025-12-02T01:15:00Z
0.9615384615384616,0.0909090909090909,131.25,12.40909090909091,12.40909090909091,131.25,-1.5,0.9615384615384616,0.9615384615384616,0.0909090909090909,1.0,0.0409090909090909,0.5,4.615384615384616,-4.090909090909091,0.0,0.0,0.0,0.0,0.0,0.0,0.9615384615384616,0.0,0.0,0.0,0.9615384615384616,0.5,1,74,56,b6be0a1ef5f8d1c16a1d6c96e3092e11,NCAAB,Villanova Wildcats,Temple Owls,2025-12-01T23:33:00Z
0.9859154929577464,0.0677966101694915,140.49295774647888,9.66101694915254,9.66101694915254,140.49295774647888,-2.5,0.9859154929577464,0.9859154929577464,0.0677966101694915,1.0,0.0177966101694915,0.5,4.859154929577465,-4.322033898305085,0.0,0.0,0.0,0.0,0.0,0.0,0.9859154929577464,0.0,0.0,0.0,0.9859154929577464,0.5,1,76,58,b8d824b2610f4d8cb1561a7212912366,NCAAB,Cincinnati Bearcats,Tarleton State Texans,2025-12-02T00:00:00Z
0.4878048780487805,0.5555555555555556,73.41463414634146,83.61111111111111,83.61111111111111,73.41463414634146,0.15,0.4878048780487805,0.4878048780487805,0.5555555555555556,0.5378048780487805,0.5055555555555555,0.5,-0.1219512195121952,0.5555555555555558,0.0,0.0,0.0,0.0,0.0,0.0,0.4878048780487805,0.0,0.0,0.0,0.4878048780487805,0.5,0,66,89,26fb9a1a0897783a6e65a8c796e1a025,NCAAB,Delaware Blue Hens,Iona Gaels,2025-12-02T00:00:00Z
0.7619047619047619,0.2777777777777778,102.85714285714285,37.5,37.5,102.85714285714285,-0.7,0.7619047619047619,0.7619047619047619,0.2777777777777778,0.8119047619047619,0.2277777777777778,0.5,2.619047619047618,-2.2222222222222223,0.0,0.0,0.0,0.0,0.0,0.0,0.7619047619047619,0.0,0.0,0.0,0.7619047619047619,0.5,0,66,73,0d0dd22b679c484fa2ea1997c20e90ea,NCAAB,Jacksonville St Gamecocks,North Alabama Lions,2025-12-02T00:00:00Z
0.9722222222222222,0.08,146.31944444444443,12.04,12.04,146.31944444444443,-1.75,0.9722222222222222,0.9722222222222222,0.08,1.0,0.03,0.5,4.722222222222222,-4.2,0.0,0.0,0.0,0.0,0.0,0.0,0.9722222222222222,0.0,0.0,0.0,0.9722222222222222,0.5,0,89,93,2824b0eee01ab1fc4155185a69980d39,NCAAB,Troy Trojans,West Georgia Wolves,2025-12-02T00:00:00Z
0.9950248756218906,0.0217391304347826,150.7462686567164,3.293478260869565,3.293478260869565,150.7462686567164,-2.8,0.9950248756218906,0.9950248756218906,0.0217391304347826,1.0,0.0,0.5,4.9502487562189055,-4.782608695652174,0.0,0.0,0.0,0.0,0.0,0.0,0.9950248756218906,0.0,0.0,0.0,0.9950248756218906,0.5,1,96,74,c98b3c690645457e9f36e6ff72390393,NCAAB,Xavier Musketeers,St. Francis (PA) Red Flash,2025-12-02T00:05:00Z
0.1666666666666666,0.8823529411764706,24.166666666666664,127.94117647058825,127.94117647058825,24.166666666666664,1.0,0.1666666666666666,0.1666666666666666,0.8823529411764706,0.2166666666666666,0.8323529411764705,0.5,-3.333333333333334,3.8235294117647056,0.0,0.0,0.0,0.0,0.0,0.0,0.1666666666666666,0.0,0.0,0.0,0.1666666666666666,0.5,1,71,67,dfa14435c548538aa49edf0bc0389cd2,NCAAB,Incarnate Word Cardinals,McNeese Cowboys,2025-12-02T00:30:00Z
0.5121951219512195,0.5348837209302325,78.6219512195122,82.10465116279069,82.10465116279069,78.6219512195122,0.1,0.5121951219512195,0.5121951219512195,0.5348837209302325,0.5621951219512196,0.4848837209302325,0.5,0.1219512195121952,0.3488372093023251,0.0,0.0,0.0,0.0,0.0,0.0,0.5121951219512195,0.0,0.0,0.0,0.5121951219512195,0.5,1,76,61,5a3b706cbbd970c3615a2ed6a2730ff0,NCAAB,Middle Tennessee Blue Raiders,UAB Blazers,2025-12-02T00:30:00Z
0.9,0.1428571428571428,143.55,22.785714285714285,22.785714285714285,143.55,-1.25,0.9,0.9,0.1428571428571428,0.95,0.0928571428571428,0.5,4.0,-3.571428571428572,0.0,0.0,0.0,0.0,0.0,0.0,0.9,0.0,0.0,0.0,0.9,0.5,0,66,82,d01619674aceb2208be27928b1bf0a9e,NCAAB,Kansas St Wildcats,Bowling Green Falcons,2025-12-02T01:00:00Z
0.9,0.1428571428571428,134.1,21.285714285714285,21.285714285714285,134.1,-1.2,0.9,0.9,0.1428571428571428,0.95,0.0928571428571428,0.5,4.0,-3.571428571428572,0.0,0.0,0.0,0.0,0.0,0.0,0.9,0.0,0.0,0.0,0.9,0.5,1,78,70,d9387e434610ce38658620ed1cb70b33,NCAAB,Colorado Buffaloes,Cal Baptist Lancers,2025-12-02T02:00:00Z
0.9615384615384616,0.0714285714285714,149.51923076923077,11.107142857142856,11.107142857142856,149.51923076923077,-1.75,0.9615384615384616,0.9615384615384616,0.0714285714285714,1.0,0.0214285714285714,0.5,4.615384615384616,-4.285714285714287,0.0,0.0,0.0,0.0,0.0,0.0,0.9615384615384616,0.0,0.0,0.0,0.9615384615384616,0.5,1,94,72,60f57e865ecdde340e095a4c1c834e69,NCAAB,Stanford Cardinal,Portland Pilots,2025-12-02T03:00:00Z
0.0588235294117647,0.9782608695652174,9.382352941176473,156.0326086956522,156.0326086956522,9.382352941176473,2.15,0.0588235294117647,0.0588235294117647,0.9782608695652174,0.1088235294117647,0.9282608695652174,0.5,-4.411764705882353,4.782608695652174,0.0,0.0,0.0,0.0,0.0,0.0,0.0588235294117647,0.0,0.0,0.0,0.0588235294117647,0.5,0,70,84,7710e36d30daeb32bf015a7d487d33e5,NCAAB,Army Knights,GW Revolutionaries,2025-12-02T16:00:00Z
0.7333333333333333,0.3125,109.63333333333333,46.71875,46.71875,109.63333333333333,-0.55,0.7333333333333333,0.7333333333333333,0.3125,0.7833333333333333,0.2625,0.5,2.333333333333333,-1.875,0.0,0.0,0.0,0.0,0.0,0.0,0.7333333333333333,0.0,0.0,0.0,0.7333333333333333,0.5,1,73,56,826ae60faaaad8f652914e5e6de164f6,NCAAB,Tenn-Martin Skyhawks,Charleston Southern Buccaneers,2025-12-02T17:00:00Z
0.8888888888888888,0.16,208.88888888888889,37.6,37.6,208.88888888888889,-1.3,0.8888888888888888,0.8888888888888888,0.16,0.9388888888888889,0.11,0.5,3.8888888888888884,-3.3999999999999995,0.0,0.0,0.0,0.0,0.0,0.0,0.8888888888888888,0.0,0.0,0.0,0.8888888888888888,0.5,1,121,102,82945fcefbdab5eff92ea10d50b8b9ed,NBA,Philadelphia 76ers,Washington Wizards,2025-12-03T00:10:00Z
0.6774193548387096,0.35714285714285715,156.14516129032256,82.32142857142857,82.32142857142857,156.14516129032256,-0.5,0.6774193548387096,0.6774193548387096,0.35714285714285715,0.7274193548387097,0.30714285714285716,0.5,1.7741935483870963,-1.4285714285714284,0.0,0.0,0.0,0.0,0.0,0.0,0.6774193548387096,0.0,0.0,0.0,0.6774193548387096,0.5,1,121,118,ff9201c6fd745a1a31bee1cbc13dd384,NBA,Toronto Raptors,Portland Trail Blazers,2025-12-03T00:40:00Z
0.6805111821086262,0.37037037037037035,158.2188498402556,86.1111111111111,86.1111111111111,158.2188498402556,-0.55,0.6805111821086262,0.6805111821086262,0.37037037037037035,0.7305111821086262,0.32037037037037036,0.5,1.8051118210862616,-1.2962962962962965,0.0,0.0,0.0,0.0,0.0,0.0,0.6805111821086262,0.0,0.0,0.0,0.6805111821086262,0.5,1,126,119,c8fb3e3641461ee52981c6d8c8ee12f8,NBA,San Antonio Spurs,Memphis Grizzlies,2025-12-03T01:10:00Z
0.17391304347826086,0.875,40.34782608695652,203.0,203.0,40.34782608695652,1.25,0.17391304347826086,0.17391304347826086,0.875,0.22391304347826085,0.825,0.5,-3.2608695652173916,3.75,0.0,0.0,0.0,0.0,0.0,0.0,0.17391304347826086,0.0,0.0,0.0,0.17391304347826086,0.5,0,142,149,a9330ca996e7fd641237adcfa998259f,NBA,New Orleans Pelicans,Minnesota Timberwolves,2025-12-03T01:10:00Z
0.5215311004784688,0.5283018867924528,120.21291866028707,121.77358490566037,121.77358490566037,120.21291866028707,0.1,0.5215311004784688,0.5215311004784688,0.5283018867924528,0.5715311004784689,0.47830188679245284,0.5,0.21531100478468845,0.28301886792452824,0.0,0.0,0.0,0.0,0.0,0.0,0.5215311004784688,0.0,0.0,0.0,0.5215311004784688,0.5,1,123,117,a96eb37cc51deec2f9e98a274c081b4e,NBA,Boston Celtics,New York Knicks,2025-12-03T01:12:00Z
0.1893939393939394,0.8620689655172413,42.32954545454545,192.67241379310343,192.67241379310343,42.32954545454545,1.15,0.1893939393939394,0.1893939393939394,0.8620689655172413,0.23939393939393938,0.8120689655172413,0.5,-3.106060606060606,3.6206896551724133,0.0,0.0,0.0,0.0,0.0,0.0,0.1893939393939394,0.0,0.0,0.0,0.1893939393939394,0.5,0,112,124,4372c5c8b6de02e12518da9a10ae76c3,NBA,Golden State Warriors,Oklahoma City Thunder,2025-12-03T04:10:00Z
0.8,0.24390243902439024,190.0,57.92682926829268,57.92682926829268,190.0,-0.95,0.8,0.8,0.24390243902439024,0.8500000000000001,0.19390243902439025,0.5,3.0000000000000004,-2.5609756097560976,0.0,0.0,0.0,0.0,0.0,0.0,0.8,0.0,0.0,0.0,0.8,0.5,0,110,122,bcd9318487d7479baa6c67c6dac77d82,NBA,Cleveland Cavaliers,Portland Trail Blazers,2025-12-04T00:10:00Z
0.6491228070175439,0.3861003861003861,3.5701754385964914,2.1235521235521237,2.1235521235521237,3.5701754385964914,-0.15,0.6491228070175439,0.6491228070175439,0.3861003861003861,0.6991228070175439,0.3361003861003861,0.5,1.4912280701754388,-1.138996138996139,0.0,0.0,0.0,0.0,0.0,0.0,0.6491228070175439,0.0,0.0,0.0,0.6491228070175439,0.5,1,5,4,08797dcbc233c3f8b06cb286e71c4de6,NHL,Detroit Red Wings,Boston Bruins,2025-12-03T00:10:00Z
0.4878048780487805,0.5555555555555556,2.6829268292682924,3.055555555555556,3.055555555555556,2.6829268292682924,0.15,0.4878048780487805,0.4878048780487805,0.5555555555555556,0.5378048780487805,0.5055555555555555,0.5,-0.12195121951219523,0.5555555555555558,0.0,0.0,0.0,0.0,0.0,0.0,0.4878048780487805,0.0,0.0,0.0,0.4878048780487805,0.5,1,3,2,5c1ba4abcfb5b683c66148a879893a8f,NHL,New York Rangers,Dallas Stars,2025-12-03T00:10:00Z
0.47619047619047616,0.5652173913043478,2.8571428571428568,3.391304347826087,3.391304347826087,2.8571428571428568,0.15,0.47619047619047616,0.47619047619047616,0.5652173913043478,0.5261904761904762,0.5152173913043477,0.5,-0.23809523809523836,0.6521739130434778,0.0,0.0,0.0,0.0,0.0,0.0,0.47619047619047616,0.0,0.0,0.0,0.47619047619047616,0.5,0,2,5,953770552bdd9cbb599aa613c2ae6f94,NHL,Montréal Canadiens,Ottawa Senators,2025-12-03T00:10:00Z
0.5121951219512195,0.5348837209302325,3.073170731707317,3.209302325581395,3.209302325581395,3.073170731707317,0.15,0.5121951219512195,0.5121951219512195,0.5348837209302325,0.5621951219512196,0.4848837209302325,0.5,0.12195121951219523,0.3488372093023251,0.0,0.0,0.0,0.0,0.0,0.0,0.5121951219512195,0.0,0.0,0.0,0.5121951219512195,0.5,1,2,1,f1730060cbb3d2be11c703c06eaf0ef9,NHL,New York Islanders,Tampa Bay Lightning,2025-12-03T00:10:00Z
0.6153846153846154,0.42016806722689076,4.0,2.73109243697479,2.73109243697479,4.0,-0.15,0.6153846153846154,0.6153846153846154,0.42016806722689076,0.6653846153846155,0.3701680672268908,0.5,1.1538461538461542,-0.7983193277310924,0.0,0.0,0.0,0.0,0.0,0.0,0.6153846153846154,0.0,0.0,0.0,0.6153846153846154,0.5,0,1,4,6419668bcea9b9bddc1555d17c114452,NHL,Florida Panthers,Toronto Maple Leafs,2025-12-03T00:40:00Z
0.5348837209302325,0.5121951219512195,3.209302325581395,3.073170731707317,3.073170731707317,3.209302325581395,-0.15,0.5348837209302325,0.5348837209302325,0.5121951219512195,0.5848837209302326,0.46219512195121953,0.5,0.3488372093023251,0.12195121951219523,0.0,0.0,0.0,0.0,0.0,0.0,0.5348837209302325,0.0,0.0,0.0,0.5348837209302325,0.5,1,5,1,55b4c12307e7f22127bed72b008447d9,NHL,Nashville Predators,Calgary Flames,2025-12-03T01:10:00Z
0.7802197802197802,0.2597402597402597,5.071428571428571,1.6883116883116882,1.6883116883116882,5.071428571428571,-0.15,0.7802197802197802,0.7802197802197802,0.2597402597402597,0.8302197802197803,0.20974025974025973,0.5,2.802197802197802,-2.4025974025974026,0.0,0.0,0.0,0.0,0.0,0.0,0.7802197802197802,0.0,0.0,0.0,0.7802197802197802,0.5,1,3,1,f36caffa1e75fa4370b67023e24f0bad,NHL,Colorado Avalanche,Vancouver Canucks,2025-12-03T02:10:00Z
0.5833333333333334,0.45454545454545453,3.5,2.727272727272727,2.727272727272727,3.5,-0.15,0.5833333333333334,0.5833333333333334,0.45454545454545453,0.6333333333333334,0.40454545454545454,0.5,0.8333333333333337,-0.4545454545454547,0.0,0.0,0.0,0.0,0.0,0.0,0.5833333333333334,0.0,0.0,0.0,0.5833333333333334,0.5,0,0,1,e89d6478b14299f20836d13134160f45,NHL,Edmonton Oilers,Minnesota Wild,2025-12-03T02:10:00Z
0.7368421052631579,0.29850746268656714,4.421052631578947,1.7910447761194028,1.7910447761194028,4.421052631578947,-0.15,0.7368421052631579,0.7368421052631579,0.29850746268656714,0.7868421052631579,0.24850746268656715,0.5,2.3684210526315788,-2.0149253731343286,0.0,0.0,0.0,0.0,0.0,0.0,0.7368421052631579,0.0,0.0,0.0,0.7368421052631579,0.5,1,4,3,0449def9d9c5ffd7c991af22c5411699,NHL,Vegas Golden Knights,Chicago Blackhawks,2025-12-03T03:10:00Z
0.5454545454545454,0.5,3.0,2.75,2.75,3.0,-0.15,0.5454545454545454,0.5454545454545454,0.5,0.5954545454545455,0.45,0.5,0.45454545454545414,0.0,0.0,0.0,0.0,0.0,0.0,0.0,0.5454545454545454,0.0,0.0,0.0,0.5454545454545454,0.5,0,1,3,0cd2c713c010abe549624264e2ce097f,NHL,Los Angeles Kings,Washington Capitals,2025-12-03T03:40:00Z
0.5348837209302325,0.5121951219512195,2.941860465116279,2.8170731707317076,2.8170731707317076,2.941860465116279,-0.15,0.5348837209302325,0.5348837209302325,0.5121951219512195,0.5848837209302326,0.46219512195121953,0.5,0.3488372093023251,0.12195121951219523,0.0,0.0,0.0,0.0,0.0,0.0,0.5348837209302325,0.0,0.0,0.0,0.5348837209302325,0.5,0,0,3,db571f5d2b2dbed64ccdc21824ae846b,NHL,New Jersey Devils,Dallas Stars,2025-12-04T00:00:00Z
0.5348837209302325,0.4975124378109453,3.209302325581395,2.985074626865672,2.985074626865672,3.209302325581395,-0.15,0.5348837209302325,0.5348837209302325,0.4975124378109453,0.5848837209302326,0.4475124378109453,0.5,0.3488372093023251,-0.02487562189054715,0.0,0.0,0.0,0.0,0.0,0.0,0.5348837209302325,0.0,0.0,0.0,0.5348837209302325,0.5,1,5,2,1e2071a1f0e4c630c396f1353b1f0921,NHL,Philadelphia Flyers,Buffalo Sabres,2025-12-04T00:30:00Z
0.5238095238095238,0.5238095238095238,3.404761904761905,3.404761904761905,3.404761904761905,3.404761904761905,0.15,0.5238095238095238,0.5238095238095238,0.5238095238095238,0.5738095238095239,0.47380952380952385,0.5,0.23809523809523836,0.23809523809523836,0.0,0.0,0.0,0.0,0.0,0.0,0.5238095238095238,0.0,0.0,0.0,0.5238095238095238,0.5,1,3,2,eb086e0eb0fe3efafae8fe8bf04c69a0,NHL,Montréal Canadiens,Winnipeg Jets,2025-12-04T00:30:00Z
0.5169082125603864,0.5169082125603864,3.359903381642512,3.359903381642512,3.359903381642512,3.359903381642512,-0.15,0.5169082125603864,0.5169082125603864,0.5169082125603864,0.5669082125603865,0.46690821256038645,0.5,0.16908212560386437,0.16908212560386437,0.0,0.0,0.0,0.0,0.0,0.0,0.5169082125603864,0.0,0.0,0.0,0.5169082125603864,0.5,0,0,7,a30858294e58051dc9222d8917763901,NHL,Anaheim Ducks,Utah Mammoth,2025-12-04T03:00:00Z
0.44052863436123346,0.5951417004048583,2.8634361233480177,3.8684210526315788,3.8684210526315788,2.8634361233480177,0.15,0.44052863436123346,0.44052863436123346,0.5951417004048583,0.49052863436123345,0.5451417004048582,0.5,-0.5947136563876654,0.9514170040485825,0.0,0.0,0.0,0.0,0.0,0.0,0.44052863436123346,0.0,0.0,0.0,0.44052863436123346,0.5,0,1,7,f57340991e86dc61f37839555eeeb8e2,NHL,San Jose Sharks,Washington Capitals,2025-12-04T03:00:00Z
0.9615384615384616,0.1,162.01923076923077,16.85,16.85,162.01923076923077,-1.35,0.9615384615384616,0.9615384615384616,0.1,1.0,0.05,0.5,4.615384615384616,-4.0,0.0,0.0,0.0,0.0,0.0,0.0,0.9615384615384616,0.0,0.0,0.0,0.9615384615384616,0.5,1,87,76,e5ab39fd2db9becce3055971b485e0ab,NCAAB,Penn State Nittany Lions,Campbell Fighting Camels,2025-12-02T23:00:00Z
0.7368421052631579,0.31746031746031744,101.3157894736842,43.650793650793645,43.650793650793645,101.3157894736842,-0.55,0.7368421052631579,0.7368421052631579,0.31746031746031744,0.7868421052631579,0.26746031746031745,0.5,2.3684210526315788,-1.8253968253968256,0.0,0.0,0.0,0.0,0.0,0.0,0.7368421052631579,0.0,0.0,0.0,0.7368421052631579,0.5,1,77,65,4d68dd66411eb94f94d7d603bf523fe9,NCAAB,Bryant Bulldogs,Stonehill Skyhawks,2025-12-02T23:02:13Z
0.4166666666666667,0.6226415094339622,57.91666666666667,86.54716981132076,86.54716981132076,57.91666666666667,0.35,0.4166666666666667,0.4166666666666667,0.6226415094339622,0.4666666666666667,0.5726415094339622,0.5,-0.8333333333333331,1.2264150943396224,0.0,0.0,0.0,0.0,0.0,0.0,0.4166666666666667,0.0,0.0,0.0,0.4166666666666667,0.5,1,80,71,5aab929d592be240a36588441fc15313,NCAAB,Binghamton Bearcats,Lehigh Mountain Hawks,2025-12-02T23:47:00Z
0.9615384615384616,0.08695652173913043,147.59615384615384,13.347826086956522,13.347826086956522,147.59615384615384,-1.75,0.9615384615384616,0.9615384615384616,0.08695652173913043,1.0,0.03695652173913043,0.5,4.615384615384616,-4.130434782608695,0.0,0.0,0.0,0.0,0.0,0.0,0.9615384615384616,0.0,0.0,0.0,0.9615384615384616,0.5,1,84,68,13d0a2fe698d44c76c84f94d1716a3ef,NCAAB,Butler Bulldogs,Eastern Michigan Eagles,2025-12-03T00:00:00Z
0.7894736842105263,0.2506265664160401,114.07894736842105,36.21553884711779,36.21553884711779,114.07894736842105,-0.8,0.7894736842105263,0.7894736842105263,0.2506265664160401,0.8394736842105264,0.2006265664160401,0.5,2.8947368421052633,-2.493734335839599,0.0,0.0,0.0,0.0,0.0,0.0,0.7894736842105263,0.0,0.0,0.0,0.7894736842105263,0.5,1,74,57,b2450eb2f4d208394ac8b2f7b7631f08,NCAAB,Charlotte 49ers,North Carolina A&T Aggies,2025-12-03T00:00:00Z
0.875,0.17543859649122806,136.0625,27.280701754385962,27.280701754385962,136.0625,-1.05,0.875,0.875,0.17543859649122806,0.925,0.12543859649122807,0.5,3.75,-3.245614035087719,0.0,0.0,0.0,0.0,0.0,0.0,0.875,0.0,0.0,0.0,0.875,0.5,1,99,81,ad806629404cc679f4a5e78b16a498db,NCAAB,George Mason Patriots,Cornell Big Red,2025-12-03T00:00:00Z
0.9166666666666666,0.125,116.875,15.9375,15.9375,116.875,-1.2,0.9166666666666666,0.9166666666666666,0.125,0.9666666666666667,0.075,0.5,4.166666666666666,-3.75,0.0,0.0,0.0,0.0,0.0,0.0,0.9166666666666666,0.0,0.0,0.0,0.9166666666666666,0.5,1,68,56,c23f99cf0a53e8d6ce33b16128c45c58,NCAAB,East Carolina Pirates,Maryland-Eastern Shore Hawks,2025-12-03T00:00:00Z
0.7142857142857143,0.3225806451612903,95.35714285714286,43.064516129032256,43.064516129032256,95.35714285714286,-0.5,0.7142857142857143,0.7142857142857143,0.3225806451612903,0.7642857142857143,0.2725806451612903,0.5,2.1428571428571432,-1.774193548387097,0.0,0.0,0.0,0.0,0.0,0.0,0.7142857142857143,0.0,0.0,0.0,0.7142857142857143,0.5,1,71,52,2184f6ee6879b6e33c232a7a70291552,NCAAB,Michigan St Spartans,Iowa Hawkeyes,2025-12-03T00:00:00Z
0.9411764705882353,0.1,149.1764705882353,15.850000000000001,15.850000000000001,149.1764705882353,-1.65,0.9411764705882353,0.9411764705882353,0.1,0.9911764705882353,0.05,0.5,4.411764705882353,-4.0,0.0,0.0,0.0,0.0,0.0,0.0,0.9411764705882353,0.0,0.0,0.0,0.9411764705882353,0.5,1,88,73,e4315004a09e93a3f79f9abffa1764ed,NCAAB,Kennesaw St Owls,Jackson St Tigers,2025-12-03T00:00:00Z
0.4166666666666667,0.6296296296296297,56.875,85.94444444444444,85.94444444444444,56.875,0.35,0.4166666666666667,0.4166666666666667,0.6296296296296297,0.4666666666666667,0.5796296296296296,0.5,-0.8333333333333331,1.2962962962962965,0.0,0.0,0.0,0.0,0.0,0.0,0.4166666666666667,0.0,0.0,0.0,0.4166666666666667,0.5,1,77,75,df8c06e8d5e45ac72bc2848656587948,NCAAB,South Alabama Jaguars,New Mexico St Aggies,2025-12-03T00:00:00Z
0.40816326530612246,0.6363636363636364,61.83673469387755,96.4090909090909,96.4090909090909,61.83673469387755,0.35,0.40816326530612246,0.40816326530612246,0.6363636363636364,0.45816326530612245,0.5863636363636363,0.5,-0.9183673469387754,1.3636363636363635,0.0,0.0,0.0,0.0,0.0,0.0,0.40816326530612246,0.0,0.0,0.0,0.40816326530612246,0.5,0,73,81,7a9a641d2e18d809c555b7a89b1b7a55,NCAAB,Pittsburgh Panthers,Texas A&M Aggies,2025-12-03T00:00:00Z
0.6153846153846154,0.425531914893617,92.0,63.61702127659574,63.61702127659574,92.0,-0.35,0.6153846153846154,0.6153846153846154,0.425531914893617,0.6653846153846155,0.37553191489361704,0.5,1.1538461538461542,-0.7446808510638298,0.0,0.0,0.0,0.0,0.0,0.0,0.6153846153846154,0.0,0.0,0.0,0.6153846153846154,0.5,0,83,86,5c9ea8bbabbcee63441bdd16903b62f8,NCAAB,South Carolina Gamecocks,Virginia Tech Hokies,2025-12-03T00:00:00Z
0.24509803921568626,0.7938144329896907,35.90686274509804,116.29381443298968,116.29381443298968,35.90686274509804,0.8,0.24509803921568626,0.24509803921568626,0.7938144329896907,0.2950980392156863,0.7438144329896906,0.5,-2.549019607843137,2.9381443298969065,0.0,0.0,0.0,0.0,0.0,0.0,0.24509803921568626,0.0,0.0,0.0,0.24509803921568626,0.5,1,62,60,f74e19b64c49725dfda8dc3c752ac0de,NCAAB,Syracuse Orange,Tennessee Volunteers,2025-12-03T00:00:00Z
0.7142857142857143,0.32786885245901637,102.5,47.04918032786885,47.04918032786885,102.5,-0.55,0.7142857142857143,0.7142857142857143,0.32786885245901637,0.7642857142857143,0.2778688524590164,0.5,2.1428571428571432,-1.7213114754098364,0.0,0.0,0.0,0.0,0.0,0.0,0.7142857142857143,0.0,0.0,0.0,0.7142857142857143,0.5,1,82,77,aa01b4552005af5ec228f330135f870c,NCAAB,UNC Asheville Bulldogs,UNC Greensboro Spartans,2025-12-03T00:00:00Z
0.9473684210526315,0.09803921568627451,131.21052631578948,13.57843137254902,13.57843137254902,131.21052631578948,-1.45,0.9473684210526315,0.9473684210526315,0.09803921568627451,0.9973684210526316,0.048039215686274506,0.5,4.473684210526315,-4.019607843137255,0.0,0.0,0.0,0.0,0.0,0.0,0.9473684210526315,0.0,0.0,0.0,0.9473684210526315,0.5,1,66,56,74267443089ba5f98d6be0b994b78c5f,NCAAB,Rhode Island Rams,Brown Bears,2025-12-03T00:05:00Z
0.8850574712643678,0.18867924528301888,124.79310344827587,26.603773584905664,26.603773584905664,124.79310344827587,-1.1,0.8850574712643678,0.8850574712643678,0.18867924528301888,0.9350574712643679,0.1386792452830189,0.5,3.8505747126436782,-3.1132075471698113,0.0,0.0,0.0,0.0,0.0,0.0,0.8850574712643678,0.0,0.0,0.0,0.8850574712643678,0.5,1,88,71,8fd0a3f18fd67552fbae4d82225dfd98,NCAAB,Dayton Flyers,East Tennessee St Buccaneers,2025-12-03T00:05:00Z
0.7222222222222222,0.32786885245901637,123.13888888888889,55.90163934426229,55.90163934426229,123.13888888888889,-0.55,0.7222222222222222,0.7222222222222222,0.32786885245901637,0.7722222222222223,0.2778688524590164,0.5,2.2222222222222223,-1.7213114754098364,0.0,0.0,0.0,0.0,0.0,0.0,0.7222222222222222,0.0,0.0,0.0,0.7222222222222222,0.5,0,79,83,c7247ede6ef6a2f1fd6ff72af13582e8,NCAAB,Duquesne Dukes,William & Mary Tribe,2025-12-03T00:05:00Z
0.9950248756218906,0.027777777777777776,161.69154228855723,4.513888888888888,4.513888888888888,161.69154228855723,-2.65,0.9950248756218906,0.9950248756218906,0.027777777777777776,1.0,0.0,0.5,4.9502487562189055,-4.722222222222222,0.0,0.0,0.0,0.0,0.0,0.0,0.9950248756218906,0.0,0.0,0.0,0.9950248756218906,0.5,1,94,64,dbb1ad5ba45cf0eda3bdd97da946b35b,NCAAB,Providence Friars,Fairleigh Dickinson Knights,2025-12-03T00:05:00Z
0.9,0.14285714285714285,124.2,19.71428571428571,19.71428571428571,124.2,-1.15,0.9,0.9,0.14285714285714285,0.9500000000000001,0.09285714285714285,0.5,4.0,-3.5714285714285716,0.0,0.0,0.0,0.0,0.0,0.0,0.9,0.0,0.0,0.0,0.9,0.5,1,85,82,9228850bac93f2dc59d0ef920ca225b8,NCAAB,Jacksonville Dolphins,Florida A&M Rattlers,2025-12-03T00:05:00Z
0.8823529411764706,0.1694915254237288,137.20588235294116,26.35593220338983,26.35593220338983,137.20588235294116,-1.05,0.8823529411764706,0.8823529411764706,0.1694915254237288,0.9323529411764706,0.1194915254237288,0.5,3.8235294117647056,-3.305084745762712,0.0,0.0,0.0,0.0,0.0,0.0,0.8823529411764706,0.0,0.0,0.0,0.8823529411764706,0.5,1,78,67,3ae1038e85b080321c31e82c02801e97,NCAAB,Mercer Bears,Georgia St Panthers,2025-12-03T00:05:00Z
0.26666666666666666,0.7777777777777778,40.666666666666664,118.61111111111111,118.61111111111111,40.666666666666664,0.75,0.26666666666666666,0.26666666666666666,0.7777777777777778,0.31666666666666665,0.7277777777777777,0.5,-2.3333333333333335,2.7777777777777777,0.0,0.0,0.0,0.0,0.0,0.0,0.26666666666666666,0.0,0.0,0.0,0.26666666666666666,0.5,0,63,72,08fd8c6f9f617250931f0f35dcbd70c8,NCAAB,North Florida Ospreys,SIU-Edwardsville Cougars,2025-12-03T00:05:00Z
0.6774193548387096,0.37735849056603776,108.04838709677419,60.188679245283026,60.188679245283026,108.04838709677419,-0.45,0.6774193548387096,0.6774193548387096,0.37735849056603776,0.7274193548387097,0.3273584905660378,0.5,1.7741935483870963,-1.2264150943396224,0.0,0.0,0.0,0.0,0.0,0.0,0.6774193548387096,0.0,0.0,0.0,0.6774193548387096,0.5,0,68,86,0d391b6db39b9cf2ca844224249104d2,NCAAB,Wake Forest Demon Deacons,Oklahoma Sooners,2025-12-03T00:05:00Z
0.9836065573770492,0.0625,135.24590163934425,8.59375,8.59375,135.24590163934425,-1.75,0.9836065573770492,0.9836065573770492,0.0625,1.0,0.012499999999999997,0.5,4.836065573770492,-4.375,0.0,0.0,0.0,0.0,0.0,0.0,0.9836065573770492,0.0,0.0,0.0,0.9836065573770492,0.5,0,108,57,a3ed221d9a13d94874389abec92e6b8b,NCAAB,Drake Bulldogs,Western Illinois Leathernecks,2025-12-03T00:30:00Z
0.8260869565217391,0.21052631578947367,130.1086956521739,33.1578947368421,33.1578947368421,130.1086956521739,-0.95,0.8260869565217391,0.8260869565217391,0.21052631578947367,0.8760869565217392,0.16052631578947368,0.5,3.2608695652173916,-2.8947368421052633,0.0,0.0,0.0,0.0,0.0,0.0,0.8260869565217391,0.0,0.0,0.0,0.8260869565217391,0.5,1,67,66,1a031bf763af34275188966b897a0480,NCAAB,Duke Blue Devils,Florida Gators,2025-12-03T00:30:00Z
0.9,0.14285714285714285,134.55,21.357142857142858,21.357142857142858,134.55,-1.2,0.9,0.9,0.14285714285714285,0.9500000000000001,0.09285714285714285,0.5,4.0,-3.5714285714285716,0.0,0.0,0.0,0.0,0.0,0.0,0.9,0.0,0.0,0.0,0.9,0.5,1,65,63,3f3e8043a2f4a0c1eeefaf37048b47d5,NCAAB,Tulane Green Wave,Grambling St Tigers,2025-12-03T00:30:00Z
0.32786885245901637,0.7142857142857143,50.32786885245901,109.64285714285714,109.64285714285714,50.32786885245901,0.55,0.32786885245901637,0.32786885245901637,0.7142857142857143,0.37786885245901636,0.6642857142857143,0.5,-1.7213114754098364,2.1428571428571432,0.0,0.0,0.0,0.0,0.0,0.0,0.32786885245901637,0.0,0.0,0.0,0.32786885245901637,0.5,0,92,94,0b61b6c6a1da5d524018df2a61fcdfa3,NCAAB,LIU Sharks,Winthrop Eagles,2025-12-03T00:30:00Z
0.7222222222222222,0.32786885245901637,110.86111111111111,50.32786885245901,50.32786885245901,110.86111111111111,-0.55,0.7222222222222222,0.7222222222222222,0.32786885245901637,0.7722222222222223,0.2778688524590164,0.5,2.2222222222222223,-1.7213114754098364,0.0,0.0,0.0,0.0,0.0,0.0,0.7222222222222222,0.0,0.0,0.0,0.7222222222222222,0.5,1,83,63,c13219c35ae20529f85dda24d359d46f,NCAAB,Arkansas St Red Wolves,UT-Arlington Mavericks,2025-12-03T01:00:00Z
0.9848484848484849,0.047619047619047616,156.5909090909091,7.571428571428571,7.571428571428571,156.5909090909091,-2.95,0.9848484848484849,0.9848484848484849,0.047619047619047616,1.0,0.0,0.5,4.848484848484849,-4.523809523809524,0.0,0.0,0.0,0.0,0.0,0.0,0.9848484848484849,0.0,0.0,0.0,0.9848484848484849,0.5,0,110,88,a0c6b55b373ddc6d823d29c4bcbc5565,NCAAB,Baylor Bears,Sacramento St Hornets,2025-12-03T01:00:00Z
0.7701149425287356,0.2898550724637681,114.7471264367816,43.18840579710145,43.18840579710145,114.7471264367816,-0.7,0.7701149425287356,0.7701149425287356,0.2898550724637681,0.8201149425287356,0.23985507246376814,0.5,2.7011494252873556,-2.101449275362319,0.0,0.0,0.0,0.0,0.0,0.0,0.7701149425287356,0.0,0.0,0.0,0.7701149425287356,0.5,1,64,60,3f5960a87f738e151b4ca237bd6360cf,NCAAB,Bradley Braves,Washington St Cougars,2025-12-03T01:00:00Z
0.7619047619047619,0.2898550724637681,106.28571428571428,40.434782608695656,40.434782608695656,106.28571428571428,-0.65,0.7619047619047619,0.7619047619047619,0.2898550724637681,0.8119047619047619,0.23985507246376814,0.5,2.6190476190476186,-2.101449275362319,0.0,0.0,0.0,0.0,0.0,0.0,0.7619047619047619,0.0,0.0,0.0,0.7619047619047619,0.5,1,83,72,5073bf6a78e702e506a6002b458c26a5,NCAAB,Loyola (Chi) Ramblers,Central Michigan Chippewas,2025-12-03T01:00:00Z
0.9090909090909091,0.13333333333333333,115.9090909090909,17.0,17.0,115.9090909090909,-1.2,0.9090909090909091,0.9090909090909091,0.13333333333333333,0.9590909090909091,0.08333333333333333,0.5,4.090909090909091,-3.666666666666667,0.0,0.0,0.0,0.0,0.0,0.0,0.9090909090909091,0.0,0.0,0.0,0.9090909090909091,0.5,1,77,75,034b7fb85991e4656164ef3495549139,NCAAB,North Texas Mean Green,Houston Christian Huskies,2025-12-03T01:00:00Z
0.6323529411764706,0.4166666666666667,93.2720588235294,61.458333333333336,61.458333333333336,93.2720588235294,-0.35,0.6323529411764706,0.6323529411764706,0.4166666666666667,0.6823529411764706,0.3666666666666667,0.5,1.3235294117647056,-0.8333333333333331,0.0,0.0,0.0,0.0,0.0,0.0,0.6323529411764706,0.0,0.0,0.0,0.6323529411764706,0.5,0,64,99,5a07c946630a506839c4b6541881f5ae,NCAAB,Northern Illinois Huskies,Lindenwood Lions,2025-12-03T01:00:00Z
0.9708879184861717,0.09090909090909091,143.20596797671033,13.40909090909091,13.40909090909091,143.20596797671033,-1.75,0.9708879184861717,0.9708879184861717,0.09090909090909091,1.0,0.04090909090909091,0.5,4.7088791848617175,-4.090909090909091,0.0,0.0,0.0,0.0,0.0,0.0,0.9708879184861717,0.0,0.0,0.0,0.9708879184861717,0.5,1,75,72,907695881a5f0cdbbfe5896658fbf1db,NCAAB,Marquette Golden Eagles,Valparaiso Beacons,2025-12-03T01:00:00Z
0.9900990099009901,0.05,141.58415841584159,7.15,7.15,141.58415841584159,-2.15,0.9900990099009901,0.9900990099009901,0.05,1.0,0.0,0.5,4.900990099009901,-4.5,0.0,0.0,0.0,0.0,0.0,0.0,0.9900990099009901,0.0,0.0,0.0,0.9900990099009901,0.5,1,89,63,28051d04789a1874eda4003cb0f95adb,NCAAB,Maryland Terrapins,Wagner Seahawks,2025-12-03T01:00:00Z
0.9782608695652174,0.07142857142857142,155.05434782608697,11.321428571428571,11.321428571428571,155.05434782608697,-1.75,0.9782608695652174,0.9782608695652174,0.07142857142857142,1.0,0.021428571428571422,0.5,4.782608695652174,-4.2857142857142865,0.0,0.0,0.0,0.0,0.0,0.0,0.9782608695652174,0.0,0.0,0.0,0.9782608695652174,0.5,1,84,52,8a4573594a84b847b6637d32e4f93a0e,NCAAB,Murray St Racers,Morehead St Eagles,2025-12-03T01:00:00Z
0.9259259259259259,0.14285714285714285,156.4814814814815,24.142857142857142,24.142857142857142,156.4814814814815,-1.35,0.9259259259259259,0.9259259259259259,0.14285714285714285,0.975925925925926,0.09285714285714285,0.5,4.2592592592592595,-3.5714285714285716,0.0,0.0,0.0,0.0,0.0,0.0,0.9259259259259259,0.0,0.0,0.0,0.9259259259259259,0.5,1,93,83,30337ff025a9af2c43af493c59d1a420,NCAAB,Oklahoma St Cowboys,Sam Houston St Bearkats,2025-12-03T01:00:00Z
0.10752688172043011,0.9310344827586207,15.591397849462366,135.0,135.0,15.591397849462366,1.35,0.10752688172043011,0.10752688172043011,0.9310344827586207,0.1575268817204301,0.8810344827586206,0.5,-3.924731182795699,4.310344827586206,0.0,0.0,0.0,0.0,0.0,0.0,0.10752688172043011,0.0,0.0,0.0,0.10752688172043011,0.5,0,65,81,cd13567502f813c1552e25db171d5697,NCAAB,Rutgers Scarlet Knights,Purdue Boilermakers,2025-12-03T01:00:00Z
0.5454545454545454,0.5,75.27272727272727,69.0,69.0,75.27272727272727,-0.15,0.5454545454545454,0.5454545454545454,0.5,0.5954545454545455,0.45,0.5,0.45454545454545414,0.0,0.0,0.0,0.0,0.0,0.0,0.0,0.5454545454545454,0.0,0.0,0.0,0.5454545454545454,0.5,0,63,71,0103b51f6d7c46fce9b8c114dd2d1a6a,NCAAB,Pepperdine Waves,Abilene Christian Wildcats,2025-12-03T02:00:00Z
0.967741935483871,0.07142857142857142,138.8709677419355,10.25,10.25,138.8709677419355,-1.9,0.967741935483871,0.967741935483871,0.07142857142857142,1.0,0.021428571428571422,0.5,4.67741935483871,-4.2857142857142865,0.0,0.0,0.0,0.0,0.0,0.0,0.967741935483871,0.0,0.0,0.0,0.967741935483871,0.5,1,96,76,a873b730b68178de99a3449861e95350,NCAAB,Creighton Bluejays,Nicholls St Colonels,2025-12-03T02:00:00Z
0.5454545454545454,0.5,95.45454545454545,87.5,87.5,95.45454545454545,-0.1,0.5454545454545454,0.5454545454545454,0.5,0.5954545454545455,0.45,0.5,0.45454545454545414,0.0,0.0,0.0,0.0,0.0,0.0,0.0,0.5454545454545454,0.0,0.0,0.0,0.5454545454545454,0.5,1,73,107,3e75ae4ce575c1cfcb9aac6ae6d179a0,NCAAB,Florida St Seminoles,Georgia Bulldogs,2025-12-03T02:00:00Z
0.9900990099009901,0.038461538461538464,140.59405940594058,5.461538461538462,5.461538461538462,140.59405940594058,-2.55,0.9900990099009901,0.9900990099009901,0.038461538461538464,1.0,0.0,0.5,4.900990099009901,-4.615384615384616,0.0,0.0,0.0,0.0,0.0,0.0,0.9900990099009901,0.0,0.0,0.0,0.9900990099009901,0.5,1,67,45,9b3f89b5c50b6cd8823d8397f187f5ab,NCAAB,Grand Canyon Antelopes,Stetson Hatters,2025-12-03T02:00:00Z
0.47619047619047616,0.5652173913043478,67.38095238095238,79.9782608695652,79.9782608695652,67.38095238095238,0.15,0.47619047619047616,0.47619047619047616,0.5652173913043478,0.5261904761904762,0.5152173913043477,0.5,-0.23809523809523836,0.6521739130434778,0.0,0.0,0.0,0.0,0.0,0.0,0.47619047619047616,0.0,0.0,0.0,0.47619047619047616,0.5,0,56,61,49fa4b000f06c6dd3e8cc5cc82e6a455,NCAAB,Kansas Jayhawks,UConn Huskies,2025-12-03T02:00:00Z
0.574468085106383,0.46511627906976744,83.01063829787235,67.20930232558139,67.20930232558139,83.01063829787235,-0.25,0.574468085106383,0.574468085106383,0.46511627906976744,0.6244680851063831,0.41511627906976745,0.5,0.7446808510638303,-0.34883720930232565,0.0,0.0,0.0,0.0,0.0,0.0,0.574468085106383,0.0,0.0,0.0,0.574468085106383,0.5,0,66,75,76424bececddc6dfae364889993a845a,NCAAB,Ole Miss Rebels,Miami Hurricanes,2025-12-03T02:00:00Z
0.5238095238095238,0.5238095238095238,76.73809523809524,76.73809523809524,76.73809523809524,76.73809523809524,-0.1,0.5238095238095238,0.5238095238095238,0.5238095238095238,0.5738095238095239,0.47380952380952385,0.5,0.23809523809523836,0.23809523809523836,0.0,0.0,0.0,0.0,0.0,0.0,0.5238095238095238,0.0,0.0,0.0,0.5238095238095238,0.5,1,76,71,9d8946168a8912496b4c0d709853639c,NCAAB,Notre Dame Fighting Irish,Missouri Tigers,2025-12-03T02:00:00Z
0.7402597402597403,0.29850746268656714,121.40259740259741,48.95522388059701,48.95522388059701,121.40259740259741,-0.65,0.7402597402597403,0.7402597402597403,0.29850746268656714,0.7902597402597403,0.24850746268656715,0.5,2.4025974025974026,-2.0149253731343286,0.0,0.0,0.0,0.0,0.0,0.0,0.7402597402597403,0.0,0.0,0.0,0.7402597402597403,0.5,0,64,67,b38e864dadb4ad986aa5532e9bef6cfe,NCAAB,Kentucky Wildcats,North Carolina Tar Heels,2025-12-03T02:30:00Z
0.8058252427184466,0.24390243902439024,121.67961165048543,36.829268292682926,36.829268292682926,121.67961165048543,-0.85,0.8058252427184466,0.8058252427184466,0.24390243902439024,0.8558252427184466,0.19390243902439025,0.5,3.058252427184466,-2.5609756097560976,0.0,0.0,0.0,0.0,0.0,0.0,0.8058252427184466,0.0,0.0,0.0,0.8058252427184466,0.5,1,79,72,e92c8ac9f1fb5081d4f04d09bd10c638,NCAAB,California Golden Bears,Utah Utes,2025-12-03T03:00:00Z
0.273972602739726,0.7674418604651163,40.54794520547945,113.58139534883722,113.58139534883722,40.54794520547945,0.75,0.273972602739726,0.273972602739726,0.7674418604651163,0.323972602739726,0.7174418604651163,0.5,-2.26027397260274,2.674418604651163,0.0,0.0,0.0,0.0,0.0,0.0,0.273972602739726,0.0,0.0,0.0,0.273972602739726,0.5,0,70,91,67d0cfe98349c18fe7e5e78dc53e97e5,NCAAB,Loyola Marymount Lions,Saint Louis Billikens,2025-12-03T03:00:00Z
0.7058823529411765,0.3333333333333333,105.52941176470588,49.83333333333333,49.83333333333333,105.52941176470588,-0.6,0.7058823529411765,0.7058823529411765,0.3333333333333333,0.7558823529411766,0.2833333333333333,0.5,2.0588235294117654,-1.666666666666667,0.0,0.0,0.0,0.0,0.0,0.0,0.7058823529411765,0.0,0.0,0.0,0.7058823529411765,0.5,1,76,70,054ce2c95d6e441593b126adf6c7cb18,NCAAB,Nevada Wolf Pack,UC San Diego Tritons,2025-12-03T03:00:00Z
0.4166666666666667,0.6226415094339622,64.375,96.19811320754717,96.19811320754717,64.375,0.35,0.4166666666666667,0.4166666666666667,0.6226415094339622,0.4666666666666667,0.5726415094339622,0.5,-0.8333333333333331,1.2264150943396224,0.0,0.0,0.0,0.0,0.0,0.0,0.4166666666666667,0.0,0.0,0.0,0.4166666666666667,0.5,0,77,82,8b4d7b356c3c6e5548e5f9849f53d247,NCAAB,Oregon Ducks,USC Trojans,2025-12-03T03:00:00Z
0.975609756097561,0.06666666666666667,159.5121951219512,10.9,10.9,159.5121951219512,-1.85,0.975609756097561,0.975609756097561,0.06666666666666667,1.0,0.016666666666666663,0.5,4.7560975609756095,-4.333333333333334,0.0,0.0,0.0,0.0,0.0,0.0,0.975609756097561,0.0,0.0,0.0,0.975609756097561,0.5,0,62,63,ffc616c4bbe31ee7815fb057a1330970,NCAAB,UIC Flames,Arkansas-Pine Bluff Golden Lions,2025-12-03T17:00:00Z
0.8888888888888888,0.15384615384615385,133.77777777777777,23.153846153846157,23.153846153846157,133.77777777777777,-1.1,0.8888888888888888,0.8888888888888888,0.15384615384615385,0.9388888888888889,0.10384615384615385,0.5,3.8888888888888884,-3.4615384615384617,0.0,0.0,0.0,0.0,0.0,0.0,0.8888888888888888,0.0,0.0,0.0,0.8888888888888888,0.5,1,83,80,25ae5e0cd06f13daf547ffa4785f00ec,NCAAB,Lipscomb Bisons,Tennessee Tech Golden Eagles,2025-12-03T17:00:00Z
0.6,0.4444444444444444,87.3,64.66666666666666,64.66666666666666,87.3,-0.3,0.6,0.6,0.4444444444444444,0.65,0.39444444444444443,0.5,0.9999999999999998,-0.5555555555555558,0.0,0.0,0.0,0.0,0.0,0.0,0.6,0.0,0.0,0.0,0.6,0.5,1,69,68,63368b0c284621d88fb919a63cd178b1,NCAAB,Youngstown St Penguins,Wright St Raiders,2025-12-03T23:30:00Z
0.9655172413793104,0.07692307692307693,128.89655172413794,10.26923076923077,10.26923076923077,128.89655172413794,-1.65,0.9655172413793104,0.9655172413793104,0.07692307692307693,1.0,0.026923076923076925,0.5,4.655172413793104,-4.230769230769231,0.0,0.0,0.0,0.0,0.0,0.0,0.9655172413793104,0.0,0.0,0.0,0.9655172413793104,0.5,1,77,61,f5763819313a833c9ca289bc5e3d02c5,NCAAB,Seton Hall Pirates,Central Connecticut St Blue Devils,2025-12-04T00:00:00Z
0.8461538461538461,0.2,133.69230769230768,31.6,31.6,133.69230769230768,-1.05,0.8461538461538461,0.8461538461538461,0.2,0.8961538461538462,0.15000000000000002,0.5,3.4615384615384617,-3.0,0.0,0.0,0.0,0.0,0.0,0.0,0.8461538461538461,0.0,0.0,0.0,0.8461538461538461,0.5,1,95,80,04fff764035847b05ba3fb24c1a93163,NCAAB,Northern Kentucky Norse,Cleveland St Vikings,2025-12-04T00:00:00Z
0.5652173913043478,0.47619047619047616,80.54347826086956,67.85714285714285,67.85714285714285,80.54347826086956,-0.2,0.5652173913043478,0.5652173913043478,0.47619047619047616,0.6152173913043478,0.4261904761904762,0.5,0.6521739130434778,-0.23809523809523836,0.0,0.0,0.0,0.0,0.0,0.0,0.5652173913043478,0.0,0.0,0.0,0.5652173913043478,0.5,1,72,70,74bed0e71c3010fe30ab50857ee8df5e,NCAAB,Columbia Lions,Hofstra Pride,2025-12-04T00:00:00Z
0.6428571428571429,0.4,115.39285714285715,71.8,71.8,115.39285714285715,-0.4,0.6428571428571429,0.6428571428571429,0.4,0.692857142857143,0.35000000000000003,0.5,1.428571428571429,-0.9999999999999998,0.0,0.0,0.0,0.0,0.0,0.0,0.6428571428571429,0.0,0.0,0.0,0.6428571428571429,0.5,1,92,78,75895bef68df0b0d3243cd2e538f66cd,NCAAB,Detroit Mercy Titans,IUPUI Jaguars,2025-12-04T00:00:00Z
0.45454545454545453,0.5918367346938775,69.54545454545455,90.55102040816327,90.55102040816327,69.54545454545455,0.25,0.45454545454545453,0.45454545454545453,0.5918367346938775,0.5045454545454545,0.5418367346938775,0.5,-0.4545454545454547,0.9183673469387754,0.0,0.0,0.0,0.0,0.0,0.0,0.45454545454545453,0.0,0.0,0.0,0.45454545454545453,0.5,0,88,97,90a444f5c9478b0a24d1ad07d80aea22,NCAAB,Elon Phoenix,Furman Paladins,2025-12-04T00:00:00Z
0.5454545454545454,0.5,78.27272727272727,71.75,71.75,78.27272727272727,-0.1,0.5454545454545454,0.5454545454545454,0.5,0.5954545454545455,0.45,0.5,0.45454545454545414,0.0,0.0,0.0,0.0,0.0,0.0,0.0,0.5454545454545454,0.0,0.0,0.0,0.5454545454545454,0.5,1,77,69,1b2d8e68d22fba9d19c939dd39c9fcd7,NCAAB,Georgia Southern Eagles,Louisiana Tech Bulldogs,2025-12-04T00:00:00Z
0.6923076923076923,0.3508771929824561,101.07692307692308,51.228070175438596,51.228070175438596,101.07692307692308,-0.5,0.6923076923076923,0.6923076923076923,0.3508771929824561,0.7423076923076923,0.30087719298245613,0.5,1.923076923076923,-1.4912280701754388,0.0,0.0,0.0,0.0,0.0,0.0,0.6923076923076923,0.0,0.0,0.0,0.6923076923076923,0.5,1,78,71,3fce47fc4495ff91db6dfc05c0a3a2d4,NCAAB,Massachusetts Minutemen,Harvard Crimson,2025-12-04T00:00:00Z
0.18181818181818182,0.863013698630137,25.727272727272727,122.11643835616438,122.11643835616438,25.727272727272727,1.0,0.18181818181818182,0.18181818181818182,0.863013698630137,0.2318181818181818,0.813013698630137,0.5,-3.1818181818181817,3.6301369863013697,0.0,0.0,0.0,0.0,0.0,0.0,0.18181818181818182,0.0,0.0,0.0,0.18181818181818182,0.5,1,73,64,0435fbe6219e5e59b7b17206fa71508d,NCAAB,Minnesota Golden Gophers,Indiana Hoosiers,2025-12-04T00:00:00Z
0.863013698630137,0.18181818181818182,131.17808219178082,27.636363636363637,27.636363636363637,131.17808219178082,-1.0,0.863013698630137,0.863013698630137,0.18181818181818182,0.913013698630137,0.13181818181818183,0.5,3.6301369863013697,-3.1818181818181817,0.0,0.0,0.0,0.0,0.0,0.0,0.863013698630137,0.0,0.0,0.0,0.863013698630137,0.5,1,70,69,ac7687dfff96104c60b075622756a6b8,NCAAB,UNC Wilmington Seahawks,Marshall Thundering Herd,2025-12-04T00:00:00Z
0.5238095238095238,0.5238095238095238,79.88095238095238,79.88095238095238,79.88095238095238,79.88095238095238,0.1,0.5238095238095238,0.5238095238095238,0.5238095238095238,0.5738095238095239,0.47380952380952385,0.5,0.23809523809523836,0.23809523809523836,0.0,0.0,0.0,0.0,0.0,0.0,0.5238095238095238,0.0,0.0,0.0,0.5238095238095238,0.5,0,80,87,81e50b522c4dc7b538384c6fb0e7ca20,NCAAB,Mt. St. Mary's Mountaineers,Sacred Heart Pioneers,2025-12-04T00:00:00Z
0.8461538461538461,0.2,140.8846153846154,33.300000000000004,33.300000000000004,140.8846153846154,-1.05,0.8461538461538461,0.8461538461538461,0.2,0.8961538461538462,0.15000000000000002,0.5,3.4615384615384617,-3.0,0.0,0.0,0.0,0.0,0.0,0.0,0.8461538461538461,0.0,0.0,0.0,0.8461538461538461,0.5,1,90,84,0cb87c121fc7476811adf2798a848941,NCAAB,Alabama Crimson Tide,Clemson Tigers,2025-12-04T00:15:00Z
0.4,0.6428571428571429,65.2,104.78571428571429,104.78571428571429,65.2,0.3,0.4,0.4,0.6428571428571429,0.45,0.5928571428571429,0.5,-0.9999999999999998,1.428571428571429,0.0,0.0,0.0,0.0,0.0,0.0,0.4,0.0,0.0,0.0,0.4,0.5,1,89,80,969a8d73e255d833ce0e29f7277787f0,NCAAB,Arkansas Razorbacks,Louisville Cardinals,2025-12-04T00:15:00Z
0.23255813953488372,0.8095238095238095,34.41860465116279,119.80952380952381,119.80952380952381,34.41860465116279,0.75,0.23255813953488372,0.23255813953488372,0.8095238095238095,0.28255813953488373,0.7595238095238095,0.5,-2.674418604651163,3.0952380952380953,0.0,0.0,0.0,0.0,0.0,0.0,0.23255813953488372,0.0,0.0,0.0,0.23255813953488372,0.5,0,69,78,469d518a697c68de6d8387eda4e5bbe1,NCAAB,Boston College Eagles,LSU Tigers,2025-12-04T00:15:00Z
0.7222222222222222,0.3225806451612903,111.58333333333333,49.83870967741935,49.83870967741935,111.58333333333333,-0.55,0.7222222222222222,0.7222222222222222,0.3225806451612903,0.7722222222222223,0.2725806451612903,0.5,2.2222222222222223,-1.774193548387097,0.0,0.0,0.0,0.0,0.0,0.0,0.7222222222222222,0.0,0.0,0.0,0.7222222222222222,0.5,0,76,84,4d836ed99d972b74ad63eba456f55a77,NCAAB,Belmont Bruins,Richmond Spiders,2025-12-04T00:30:00Z
0.975609756097561,0.0625,145.85365853658536,9.34375,9.34375,145.85365853658536,-1.8,0.975609756097561,0.975609756097561,0.0625,1.0,0.012499999999999997,0.5,4.7560975609756095,-4.375,0.0,0.0,0.0,0.0,0.0,0.0,0.975609756097561,0.0,0.0,0.0,0.975609756097561,0.5,1,90,81,f74c11a286d24020942e930152855bd8,NCAAB,Georgetown Hoyas,UMBC Retrievers,2025-12-04T01:00:00Z
0.3225806451612903,0.7222222222222222,43.225806451612904,96.77777777777777,96.77777777777777,43.225806451612904,0.6,0.3225806451612903,0.3225806451612903,0.7222222222222222,0.3725806451612903,0.6722222222222222,0.5,-1.774193548387097,2.2222222222222223,0.0,0.0,0.0,0.0,0.0,0.0,0.3225806451612903,0.0,0.0,0.0,0.3225806451612903,0.5,0,65,80,8310789a4a7c45d0fb36b7ee491982cb,NCAAB,Air Force Falcons,Pacific Tigers,2025-12-04T02:00:00Z
0.975609756097561,0.06666666666666667,145.85365853658536,9.966666666666667,9.966666666666667,145.85365853658536,-1.9,0.975609756097561,0.975609756097561,0.06666666666666667,1.0,0.016666666666666663,0.5,4.7560975609756095,-4.333333333333334,0.0,0.0,0.0,0.0,0.0,0.0,0.975609756097561,0.0,0.0,0.0,0.975609756097561,0.5,1,91,60,eea284020f2cc2f5bf54963d22166760,NCAAB,BYU Cougars,Cal Baptist Lancers,2025-12-04T02:00:00Z
0.6153846153846154,0.43478260869565216,96.92307692307693,68.47826086956522,68.47826086956522,96.92307692307693,-0.1,0.6153846153846154,0.6153846153846154,0.43478260869565216,0.6653846153846155,0.3847826086956522,0.5,1.1538461538461542,-0.6521739130434784,0.0,0.0,0.0,0.0,0.0,0.0,0.6153846153846154,0.0,0.0,0.0,0.6153846153846154,0.5,0,72,81,f974ea702001f1a711d99a516ccc2d6c,NCAAB,Montana Grizzlies,North Dakota St Bison,2025-12-04T02:00:00Z
0.8181818181818182,0.2222222222222222,127.22727272727273,34.55555555555556,34.55555555555556,127.22727272727273,-0.9,0.8181818181818182,0.8181818181818182,0.2222222222222222,0.8681818181818183,0.17222222222222222,0.5,3.1818181818181825,-2.7777777777777777,0.0,0.0,0.0,0.0,0.0,0.0,0.8181818181818182,0.0,0.0,0.0,0.8181818181818182,0.5,1,85,73,566a91f5171cd8d4a2c95abf29bacb91,NCAAB,Wisconsin Badgers,Northwestern Wildcats,2025-12-04T02:00:00Z
0.8,0.24390243902439024,126.0,38.41463414634146,38.41463414634146,126.0,-0.85,0.8,0.8,0.24390243902439024,0.8500000000000001,0.19390243902439025,0.5,3.0000000000000004,-2.5609756097560976,0.0,0.0,0.0,0.0,0.0,0.0,0.8,0.0,0.0,0.0,0.8,0.5,1,92,66,3cdaf3f590572a8ab9266e939b7bb77c,NCAAB,Weber State Wildcats,Oral Roberts Golden Eagles,2025-12-04T02:00:00Z
0.6296296296296297,0.4166666666666667,85.62962962962963,56.66666666666667,56.66666666666667,85.62962962962963,-0.3,0.6296296296296297,0.6296296296296297,0.4166666666666667,0.6796296296296297,0.3666666666666667,0.5,1.2962962962962965,-0.8333333333333331,0.0,0.0,0.0,0.0,0.0,0.0,0.6296296296296297,0.0,0.0,0.0,0.6296296296296297,0.5,1,77,72,31d6c4cd62062b842f1bc4bfc8702001,NCAAB,Rice Owls,Texas State Bobcats,2025-12-04T02:00:00Z
0.8518518518518519,0.19047619047619047,142.6851851851852,31.9047619047619,31.9047619047619,142.6851851851852,-0.95,0.8518518518518519,0.8518518518518519,0.19047619047619047,0.9018518518518519,0.14047619047619048,0.5,3.5185185185185186,-3.0952380952380953,0.0,0.0,0.0,0.0,0.0,0.0,0.8518518518518519,0.0,0.0,0.0,0.8518518518518519,0.5,1,88,69,0119ade96cb94940c1ae5746f97a7889,NCAAB,Vanderbilt Commodores,SMU Mustangs,2025-12-04T02:00:00Z
0.7222222222222222,0.3225806451612903,120.97222222222221,54.03225806451613,54.03225806451613,120.97222222222221,-0.55,0.7222222222222222,0.7222222222222222,0.3225806451612903,0.7722222222222223,0.2725806451612903,0.5,2.2222222222222223,-1.774193548387097,0.0,0.0,0.0,0.0,0.0,0.0,0.7222222222222222,0.0,0.0,0.0,0.7222222222222222,0.5,1,83,73,e92153d831a3c3b133b7d6971e8e18b0,NCAAB,Auburn Tigers,NC State Wolfpack,2025-12-04T02:15:00Z
0.45454545454545453,0.5867768595041323,67.72727272727272,87.42975206611571,87.42975206611571,67.72727272727272,0.25,0.45454545454545453,0.45454545454545453,0.5867768595041323,0.5045454545454545,0.5367768595041322,0.5,-0.4545454545454547,0.8677685950413228,0.0,0.0,0.0,0.0,0.0,0.0,0.45454545454545453,0.0,0.0,0.0,0.45454545454545453,0.5,0,73,85,89f63e6696308ccc299decca2a945fe8,NCAAB,Georgia Tech Yellow Jackets,Mississippi St Bulldogs,2025-12-04T02:15:00Z
0.6078431372549019,0.43478260869565216,93.60784313725489,66.95652173913044,66.95652173913044,93.60784313725489,-0.25,0.6078431372549019,0.6078431372549019,0.43478260869565216,0.657843137254902,0.3847826086956522,0.5,1.078431372549019,-0.6521739130434784,0.0,0.0,0.0,0.0,0.0,0.0,0.6078431372549019,0.0,0.0,0.0,0.6078431372549019,0.5,0,69,88,fe2e3ebc386609f4a1d5f76398d3fad7,NCAAB,Texas Longhorns,Virginia Cavaliers,2025-12-04T02:15:00Z
0.8461538461538461,0.2,125.23076923076923,29.6,29.6,125.23076923076923,-0.85,0.8461538461538461,0.8461538461538461,0.2,0.8961538461538462,0.15000000000000002,0.5,3.4615384615384617,-3.0,0.0,0.0,0.0,0.0,0.0,0.0,0.8461538461538461,0.0,0.0,0.0,0.8461538461538461,0.5,1,77,66,a10ef46be2ab8178fad0f0d81988fd69,NCAAB,San Diego St Aztecs,Utah Valley Wolverines,2025-12-04T03:00:00Z
0.975609756097561,0.0625,139.02439024390245,8.90625,8.90625,139.02439024390245,-1.85,0.975609756097561,0.975609756097561,0.0625,1.0,0.012499999999999997,0.5,4.7560975609756095,-4.375,0.0,0.0,0.0,0.0,0.0,0.0,0.975609756097561,0.0,0.0,0.0,0.975609756097561,0.5,1,90,80,3f5f16341044128dca4e1feb82152cd4,NCAAB,Santa Clara Broncos,Utah Tech Trailblazers,2025-12-04T03:00:00Z
0.5192307692307693,0.5283018867924528,73.47115384615385,74.75471698113208,74.75471698113208,73.47115384615385,0.0,0.5192307692307693,0.5192307692307693,0.5283018867924528,0.5692307692307693,0.47830188679245284,0.5,0.19230769230769273,0.28301886792452824,0.0,0.0,0.0,0.0,0.0,0.0,0.5192307692307693,0.0,0.0,0.0,0.5192307692307693,0.5,0,80,82,8f62c6983cba98b8cef06ae69de81e8a,NCAAB,Washington Huskies,UCLA Bruins,2025-12-04T04:00:00Z
